INFO 2026-02-16 16:40:37,928 autoreload 55896 139020671852864 Watching for file changes with StatReloader
INFO 2026-02-16 16:42:35,421 autoreload 56062 137306084856128 Watching for file changes with StatReloader
WARNING 2026-02-16 16:42:36,013 log 56062 137304796923584 Not Found: /
WARNING 2026-02-16 16:42:36,015 log 56062 137304796923584 "GET / HTTP/1.1" 404 2802
INFO 2026-02-16 16:42:36,043 log 56062 137304796923584 "POST /api/events/ HTTP/1.1" 201 117
INFO 2026-02-16 16:42:36,101 log 56062 137304796923584 "GET /api/events/1/ HTTP/1.1" 200 136
INFO 2026-02-17 16:53:36,764 autoreload 6914 133563487580480 Watching for file changes with StatReloader
INFO 2026-02-17 17:03:23,985 log 6914 133562198492864 "POST /api/events/ HTTP/1.1" 201 127
WARNING 2026-02-17 17:07:55,879 log 6914 133562188003008 Method Not Allowed: /api/events/join/
INFO 2026-02-17 17:10:54,174 log 6914 133562177251008 "POST /api/events/ HTTP/1.1" 201 127
WARNING 2026-02-17 17:11:44,496 log 6914 133562177251008 Method Not Allowed: /api/events/join/
WARNING 2026-02-17 17:11:44,497 log 6914 133562177251008 "POST /api/events/join/ HTTP/1.1" 405 41
WARNING 2026-02-17 17:12:14,581 log 6914 133562177251008 Not Found: /api/attendees/1/
WARNING 2026-02-17 17:12:14,582 log 6914 133562177251008 "GET /api/attendees/1/ HTTP/1.1" 404 49
INFO 2026-02-17 17:13:13,870 autoreload 6914 133563487580480 /media/vijaipatange/New Volume/conference_ai/conference_ai/urls.py changed, reloading.
INFO 2026-02-17 17:13:16,559 autoreload 10156 130636863652160 Watching for file changes with StatReloader
WARNING 2026-02-17 17:14:18,358 log 10156 130635574642368 Method Not Allowed: /api/events/join/
INFO 2026-02-17 17:14:25,283 autoreload 10156 130636863652160 /media/vijaipatange/New Volume/conference_ai/conference_ai/urls.py changed, reloading.
INFO 2026-02-17 17:14:27,839 autoreload 10234 123176323076416 Watching for file changes with StatReloader
WARNING 2026-02-17 17:14:31,391 log 10234 123174964426432 Method Not Allowed: /api/events/join/
WARNING 2026-02-17 17:14:53,750 log 10234 123174953936576 Method Not Allowed: /api/events/join/
WARNING 2026-02-17 17:14:53,750 log 10234 123174953936576 "POST /api/events/join/ HTTP/1.1" 405 41
INFO 2026-02-17 17:15:32,612 autoreload 10234 123176323076416 /media/vijaipatange/New Volume/conference_ai/events/views.py changed, reloading.
INFO 2026-02-17 17:15:35,291 autoreload 10468 137505771438400 Watching for file changes with StatReloader
INFO 2026-02-17 17:15:41,931 autoreload 10468 137505771438400 /media/vijaipatange/New Volume/conference_ai/events/views.py changed, reloading.
INFO 2026-02-17 17:15:44,885 autoreload 10514 138225974055232 Watching for file changes with StatReloader
INFO 2026-02-17 17:15:46,436 autoreload 10514 138225974055232 /media/vijaipatange/New Volume/conference_ai/conference_ai/urls.py changed, reloading.
INFO 2026-02-17 17:15:49,037 autoreload 10541 132951793590592 Watching for file changes with StatReloader
INFO 2026-02-17 17:15:50,695 autoreload 10541 132951793590592 /media/vijaipatange/New Volume/conference_ai/conference_ai/urls.py changed, reloading.
INFO 2026-02-17 17:15:53,397 autoreload 10570 124201857687872 Watching for file changes with StatReloader
INFO 2026-02-17 17:16:31,157 autoreload 10570 124201857687872 /media/vijaipatange/New Volume/conference_ai/events/views.py changed, reloading.
INFO 2026-02-17 17:16:33,751 autoreload 10625 136964536652096 Watching for file changes with StatReloader
WARNING 2026-02-17 17:16:47,089 log 10625 136963246802624 Bad Request: /api/events/join/
WARNING 2026-02-17 17:16:47,091 log 10625 136963246802624 "POST /api/events/join/ HTTP/1.1" 400 86
INFO 2026-02-17 17:17:03,220 signals 10625 136963246802624 Generating embedding for attendee john@example.com
ERROR 2026-02-17 17:20:48,665 log 10625 136963017406144 Internal Server Error: /api/events/join/
Traceback (most recent call last):
  File "/media/vijaipatange/New Volume/conference_ai/venv/lib/python3.12/site-packages/django/db/backends/utils.py", line 105, in _execute
    return self.cursor.execute(sql, params)
           ^^^^^^^^^^^^^^^^^^^^^^^^^^^^^^^^
psycopg2.errors.UniqueViolation: duplicate key value violates unique constraint "auth_user_username_key"
DETAIL:  Key (username)=(john@example.com) already exists.


The above exception was the direct cause of the following exception:

Traceback (most recent call last):
  File "/media/vijaipatange/New Volume/conference_ai/venv/lib/python3.12/site-packages/django/core/handlers/exception.py", line 55, in inner
    response = get_response(request)
               ^^^^^^^^^^^^^^^^^^^^^
  File "/media/vijaipatange/New Volume/conference_ai/venv/lib/python3.12/site-packages/django/core/handlers/base.py", line 198, in _get_response
    response = wrapped_callback(request, *callback_args, **callback_kwargs)
               ^^^^^^^^^^^^^^^^^^^^^^^^^^^^^^^^^^^^^^^^^^^^^^^^^^^^^^^^^^^^
  File "/media/vijaipatange/New Volume/conference_ai/venv/lib/python3.12/site-packages/django/views/decorators/csrf.py", line 65, in _view_wrapper
    return view_func(request, *args, **kwargs)
           ^^^^^^^^^^^^^^^^^^^^^^^^^^^^^^^^^^^
  File "/media/vijaipatange/New Volume/conference_ai/venv/lib/python3.12/site-packages/rest_framework/viewsets.py", line 125, in view
    return self.dispatch(request, *args, **kwargs)
           ^^^^^^^^^^^^^^^^^^^^^^^^^^^^^^^^^^^^^^^
  File "/media/vijaipatange/New Volume/conference_ai/venv/lib/python3.12/site-packages/rest_framework/views.py", line 515, in dispatch
    response = self.handle_exception(exc)
               ^^^^^^^^^^^^^^^^^^^^^^^^^^
  File "/media/vijaipatange/New Volume/conference_ai/venv/lib/python3.12/site-packages/rest_framework/views.py", line 475, in handle_exception
    self.raise_uncaught_exception(exc)
  File "/media/vijaipatange/New Volume/conference_ai/venv/lib/python3.12/site-packages/rest_framework/views.py", line 486, in raise_uncaught_exception
    raise exc
  File "/media/vijaipatange/New Volume/conference_ai/venv/lib/python3.12/site-packages/rest_framework/views.py", line 512, in dispatch
    response = handler(request, *args, **kwargs)
               ^^^^^^^^^^^^^^^^^^^^^^^^^^^^^^^^^
  File "/media/vijaipatange/New Volume/conference_ai/events/views.py", line 127, in join
    attendee = serializer.save()
               ^^^^^^^^^^^^^^^^^
  File "/media/vijaipatange/New Volume/conference_ai/venv/lib/python3.12/site-packages/rest_framework/serializers.py", line 210, in save
    self.instance = self.create(validated_data)
                    ^^^^^^^^^^^^^^^^^^^^^^^^^^^
  File "/media/vijaipatange/New Volume/conference_ai/attendees/serializers.py", line 63, in create
    user = User.objects.create_user(
           ^^^^^^^^^^^^^^^^^^^^^^^^^
  File "/media/vijaipatange/New Volume/conference_ai/venv/lib/python3.12/site-packages/django/contrib/auth/models.py", line 175, in create_user
    return self._create_user(username, email, password, **extra_fields)
           ^^^^^^^^^^^^^^^^^^^^^^^^^^^^^^^^^^^^^^^^^^^^^^^^^^^^^^^^^^^^
  File "/media/vijaipatange/New Volume/conference_ai/venv/lib/python3.12/site-packages/django/contrib/auth/models.py", line 163, in _create_user
    user.save(using=self._db)
  File "/media/vijaipatange/New Volume/conference_ai/venv/lib/python3.12/site-packages/django/contrib/auth/base_user.py", line 62, in save
    super().save(**kwargs)
  File "/media/vijaipatange/New Volume/conference_ai/venv/lib/python3.12/site-packages/django/db/models/base.py", line 874, in save
    self.save_base(
  File "/media/vijaipatange/New Volume/conference_ai/venv/lib/python3.12/site-packages/django/db/models/base.py", line 966, in save_base
    updated = self._save_table(
              ^^^^^^^^^^^^^^^^^
  File "/media/vijaipatange/New Volume/conference_ai/venv/lib/python3.12/site-packages/django/db/models/base.py", line 1169, in _save_table
    results = self._do_insert(
              ^^^^^^^^^^^^^^^^
  File "/media/vijaipatange/New Volume/conference_ai/venv/lib/python3.12/site-packages/django/db/models/base.py", line 1220, in _do_insert
    return manager._insert(
           ^^^^^^^^^^^^^^^^
  File "/media/vijaipatange/New Volume/conference_ai/venv/lib/python3.12/site-packages/django/db/models/manager.py", line 87, in manager_method
    return getattr(self.get_queryset(), name)(*args, **kwargs)
           ^^^^^^^^^^^^^^^^^^^^^^^^^^^^^^^^^^^^^^^^^^^^^^^^^^^
  File "/media/vijaipatange/New Volume/conference_ai/venv/lib/python3.12/site-packages/django/db/models/query.py", line 1918, in _insert
    return query.get_compiler(using=using).execute_sql(returning_fields)
           ^^^^^^^^^^^^^^^^^^^^^^^^^^^^^^^^^^^^^^^^^^^^^^^^^^^^^^^^^^^^^
  File "/media/vijaipatange/New Volume/conference_ai/venv/lib/python3.12/site-packages/django/db/models/sql/compiler.py", line 1925, in execute_sql
    cursor.execute(sql, params)
  File "/media/vijaipatange/New Volume/conference_ai/venv/lib/python3.12/site-packages/django/db/backends/utils.py", line 122, in execute
    return super().execute(sql, params)
           ^^^^^^^^^^^^^^^^^^^^^^^^^^^^
  File "/media/vijaipatange/New Volume/conference_ai/venv/lib/python3.12/site-packages/django/db/backends/utils.py", line 79, in execute
    return self._execute_with_wrappers(
           ^^^^^^^^^^^^^^^^^^^^^^^^^^^^
  File "/media/vijaipatange/New Volume/conference_ai/venv/lib/python3.12/site-packages/django/db/backends/utils.py", line 92, in _execute_with_wrappers
    return executor(sql, params, many, context)
           ^^^^^^^^^^^^^^^^^^^^^^^^^^^^^^^^^^^^
  File "/media/vijaipatange/New Volume/conference_ai/venv/lib/python3.12/site-packages/django/db/backends/utils.py", line 100, in _execute
    with self.db.wrap_database_errors:
  File "/media/vijaipatange/New Volume/conference_ai/venv/lib/python3.12/site-packages/django/db/utils.py", line 94, in __exit__
    raise dj_exc_value.with_traceback(traceback) from exc_value
  File "/media/vijaipatange/New Volume/conference_ai/venv/lib/python3.12/site-packages/django/db/backends/utils.py", line 105, in _execute
    return self.cursor.execute(sql, params)
           ^^^^^^^^^^^^^^^^^^^^^^^^^^^^^^^^
django.db.utils.IntegrityError: duplicate key value violates unique constraint "auth_user_username_key"
DETAIL:  Key (username)=(john@example.com) already exists.

ERROR 2026-02-17 17:20:48,679 log 10625 136963017406144 "POST /api/events/join/ HTTP/1.1" 500 207802
INFO 2026-02-17 17:21:40,737 autoreload 11883 137816690991424 Watching for file changes with StatReloader
ERROR 2026-02-17 17:21:51,719 log 11883 137815401580224 Internal Server Error: /api/events/join/
Traceback (most recent call last):
  File "/media/vijaipatange/New Volume/conference_ai/venv/lib/python3.12/site-packages/django/db/backends/utils.py", line 105, in _execute
    return self.cursor.execute(sql, params)
           ^^^^^^^^^^^^^^^^^^^^^^^^^^^^^^^^
psycopg2.errors.UniqueViolation: duplicate key value violates unique constraint "auth_user_username_key"
DETAIL:  Key (username)=(john@example.com) already exists.


The above exception was the direct cause of the following exception:

Traceback (most recent call last):
  File "/media/vijaipatange/New Volume/conference_ai/venv/lib/python3.12/site-packages/django/core/handlers/exception.py", line 55, in inner
    response = get_response(request)
               ^^^^^^^^^^^^^^^^^^^^^
  File "/media/vijaipatange/New Volume/conference_ai/venv/lib/python3.12/site-packages/django/core/handlers/base.py", line 198, in _get_response
    response = wrapped_callback(request, *callback_args, **callback_kwargs)
               ^^^^^^^^^^^^^^^^^^^^^^^^^^^^^^^^^^^^^^^^^^^^^^^^^^^^^^^^^^^^
  File "/media/vijaipatange/New Volume/conference_ai/venv/lib/python3.12/site-packages/django/views/decorators/csrf.py", line 65, in _view_wrapper
    return view_func(request, *args, **kwargs)
           ^^^^^^^^^^^^^^^^^^^^^^^^^^^^^^^^^^^
  File "/media/vijaipatange/New Volume/conference_ai/venv/lib/python3.12/site-packages/rest_framework/viewsets.py", line 125, in view
    return self.dispatch(request, *args, **kwargs)
           ^^^^^^^^^^^^^^^^^^^^^^^^^^^^^^^^^^^^^^^
  File "/media/vijaipatange/New Volume/conference_ai/venv/lib/python3.12/site-packages/rest_framework/views.py", line 515, in dispatch
    response = self.handle_exception(exc)
               ^^^^^^^^^^^^^^^^^^^^^^^^^^
  File "/media/vijaipatange/New Volume/conference_ai/venv/lib/python3.12/site-packages/rest_framework/views.py", line 475, in handle_exception
    self.raise_uncaught_exception(exc)
  File "/media/vijaipatange/New Volume/conference_ai/venv/lib/python3.12/site-packages/rest_framework/views.py", line 486, in raise_uncaught_exception
    raise exc
  File "/media/vijaipatange/New Volume/conference_ai/venv/lib/python3.12/site-packages/rest_framework/views.py", line 512, in dispatch
    response = handler(request, *args, **kwargs)
               ^^^^^^^^^^^^^^^^^^^^^^^^^^^^^^^^^
  File "/media/vijaipatange/New Volume/conference_ai/events/views.py", line 127, in join
    attendee = serializer.save()
               ^^^^^^^^^^^^^^^^^
  File "/media/vijaipatange/New Volume/conference_ai/venv/lib/python3.12/site-packages/rest_framework/serializers.py", line 210, in save
    self.instance = self.create(validated_data)
                    ^^^^^^^^^^^^^^^^^^^^^^^^^^^
  File "/media/vijaipatange/New Volume/conference_ai/attendees/serializers.py", line 63, in create
    user = User.objects.create_user(
           ^^^^^^^^^^^^^^^^^^^^^^^^^
  File "/media/vijaipatange/New Volume/conference_ai/venv/lib/python3.12/site-packages/django/contrib/auth/models.py", line 175, in create_user
    return self._create_user(username, email, password, **extra_fields)
           ^^^^^^^^^^^^^^^^^^^^^^^^^^^^^^^^^^^^^^^^^^^^^^^^^^^^^^^^^^^^
  File "/media/vijaipatange/New Volume/conference_ai/venv/lib/python3.12/site-packages/django/contrib/auth/models.py", line 163, in _create_user
    user.save(using=self._db)
  File "/media/vijaipatange/New Volume/conference_ai/venv/lib/python3.12/site-packages/django/contrib/auth/base_user.py", line 62, in save
    super().save(**kwargs)
  File "/media/vijaipatange/New Volume/conference_ai/venv/lib/python3.12/site-packages/django/db/models/base.py", line 874, in save
    self.save_base(
  File "/media/vijaipatange/New Volume/conference_ai/venv/lib/python3.12/site-packages/django/db/models/base.py", line 966, in save_base
    updated = self._save_table(
              ^^^^^^^^^^^^^^^^^
  File "/media/vijaipatange/New Volume/conference_ai/venv/lib/python3.12/site-packages/django/db/models/base.py", line 1169, in _save_table
    results = self._do_insert(
              ^^^^^^^^^^^^^^^^
  File "/media/vijaipatange/New Volume/conference_ai/venv/lib/python3.12/site-packages/django/db/models/base.py", line 1220, in _do_insert
    return manager._insert(
           ^^^^^^^^^^^^^^^^
  File "/media/vijaipatange/New Volume/conference_ai/venv/lib/python3.12/site-packages/django/db/models/manager.py", line 87, in manager_method
    return getattr(self.get_queryset(), name)(*args, **kwargs)
           ^^^^^^^^^^^^^^^^^^^^^^^^^^^^^^^^^^^^^^^^^^^^^^^^^^^
  File "/media/vijaipatange/New Volume/conference_ai/venv/lib/python3.12/site-packages/django/db/models/query.py", line 1918, in _insert
    return query.get_compiler(using=using).execute_sql(returning_fields)
           ^^^^^^^^^^^^^^^^^^^^^^^^^^^^^^^^^^^^^^^^^^^^^^^^^^^^^^^^^^^^^
  File "/media/vijaipatange/New Volume/conference_ai/venv/lib/python3.12/site-packages/django/db/models/sql/compiler.py", line 1925, in execute_sql
    cursor.execute(sql, params)
  File "/media/vijaipatange/New Volume/conference_ai/venv/lib/python3.12/site-packages/django/db/backends/utils.py", line 122, in execute
    return super().execute(sql, params)
           ^^^^^^^^^^^^^^^^^^^^^^^^^^^^
  File "/media/vijaipatange/New Volume/conference_ai/venv/lib/python3.12/site-packages/django/db/backends/utils.py", line 79, in execute
    return self._execute_with_wrappers(
           ^^^^^^^^^^^^^^^^^^^^^^^^^^^^
  File "/media/vijaipatange/New Volume/conference_ai/venv/lib/python3.12/site-packages/django/db/backends/utils.py", line 92, in _execute_with_wrappers
    return executor(sql, params, many, context)
           ^^^^^^^^^^^^^^^^^^^^^^^^^^^^^^^^^^^^
  File "/media/vijaipatange/New Volume/conference_ai/venv/lib/python3.12/site-packages/django/db/backends/utils.py", line 100, in _execute
    with self.db.wrap_database_errors:
  File "/media/vijaipatange/New Volume/conference_ai/venv/lib/python3.12/site-packages/django/db/utils.py", line 94, in __exit__
    raise dj_exc_value.with_traceback(traceback) from exc_value
  File "/media/vijaipatange/New Volume/conference_ai/venv/lib/python3.12/site-packages/django/db/backends/utils.py", line 105, in _execute
    return self.cursor.execute(sql, params)
           ^^^^^^^^^^^^^^^^^^^^^^^^^^^^^^^^
django.db.utils.IntegrityError: duplicate key value violates unique constraint "auth_user_username_key"
DETAIL:  Key (username)=(john@example.com) already exists.

ERROR 2026-02-17 17:21:51,726 log 11883 137815401580224 "POST /api/events/join/ HTTP/1.1" 500 207810
INFO 2026-02-17 17:24:35,159 signals 11883 137815380903616 Generating embedding for attendee john3@example.com
INFO 2026-02-17 17:30:54,550 services 11883 137815380903616 InsightFace model loaded successfully
INFO 2026-02-17 17:30:56,633 services 11883 137815380903616 Generated embedding for /media/vijaipatange/New Volume/conference_ai/media/selfies/photo-1507003211169-0a1dd7228f2d_MINEhtB.jpeg
INFO 2026-02-17 17:30:56,696 signals 11883 137815380903616 Embedding saved for attendee john3@example.com
ERROR 2026-02-17 17:30:56,814 log 11883 137815380903616 Internal Server Error: /api/events/join/
Traceback (most recent call last):
  File "/media/vijaipatange/New Volume/conference_ai/venv/lib/python3.12/site-packages/django/core/handlers/exception.py", line 55, in inner
    response = get_response(request)
               ^^^^^^^^^^^^^^^^^^^^^
  File "/media/vijaipatange/New Volume/conference_ai/venv/lib/python3.12/site-packages/django/core/handlers/base.py", line 198, in _get_response
    response = wrapped_callback(request, *callback_args, **callback_kwargs)
               ^^^^^^^^^^^^^^^^^^^^^^^^^^^^^^^^^^^^^^^^^^^^^^^^^^^^^^^^^^^^
  File "/media/vijaipatange/New Volume/conference_ai/venv/lib/python3.12/site-packages/django/views/decorators/csrf.py", line 65, in _view_wrapper
    return view_func(request, *args, **kwargs)
           ^^^^^^^^^^^^^^^^^^^^^^^^^^^^^^^^^^^
  File "/media/vijaipatange/New Volume/conference_ai/venv/lib/python3.12/site-packages/rest_framework/viewsets.py", line 125, in view
    return self.dispatch(request, *args, **kwargs)
           ^^^^^^^^^^^^^^^^^^^^^^^^^^^^^^^^^^^^^^^
  File "/media/vijaipatange/New Volume/conference_ai/venv/lib/python3.12/site-packages/rest_framework/views.py", line 515, in dispatch
    response = self.handle_exception(exc)
               ^^^^^^^^^^^^^^^^^^^^^^^^^^
  File "/media/vijaipatange/New Volume/conference_ai/venv/lib/python3.12/site-packages/rest_framework/views.py", line 475, in handle_exception
    self.raise_uncaught_exception(exc)
  File "/media/vijaipatange/New Volume/conference_ai/venv/lib/python3.12/site-packages/rest_framework/views.py", line 486, in raise_uncaught_exception
    raise exc
  File "/media/vijaipatange/New Volume/conference_ai/venv/lib/python3.12/site-packages/rest_framework/views.py", line 512, in dispatch
    response = handler(request, *args, **kwargs)
               ^^^^^^^^^^^^^^^^^^^^^^^^^^^^^^^^^
  File "/media/vijaipatange/New Volume/conference_ai/events/views.py", line 129, in join
    return Response(response_serializer.data, status=status.HTTP_201_CREATED)
                    ^^^^^^^^^^^^^^^^^^^^^^^^
  File "/media/vijaipatange/New Volume/conference_ai/venv/lib/python3.12/site-packages/rest_framework/serializers.py", line 573, in data
    ret = super().data
          ^^^^^^^^^^^^
  File "/media/vijaipatange/New Volume/conference_ai/venv/lib/python3.12/site-packages/rest_framework/serializers.py", line 251, in data
    self._data = self.to_representation(self.instance)
                 ^^^^^^^^^^^^^^^^^^^^^^^^^^^^^^^^^^^^^
  File "/media/vijaipatange/New Volume/conference_ai/venv/lib/python3.12/site-packages/rest_framework/serializers.py", line 525, in to_representation
    for field in fields:
  File "/media/vijaipatange/New Volume/conference_ai/venv/lib/python3.12/site-packages/rest_framework/serializers.py", line 386, in _readable_fields
    for field in self.fields.values():
                 ^^^^^^^^^^^
  File "/media/vijaipatange/New Volume/conference_ai/venv/lib/python3.12/site-packages/django/utils/functional.py", line 47, in __get__
    res = instance.__dict__[self.name] = self.func(instance)
                                         ^^^^^^^^^^^^^^^^^^^
  File "/media/vijaipatange/New Volume/conference_ai/venv/lib/python3.12/site-packages/rest_framework/serializers.py", line 374, in fields
    for key, value in self.get_fields().items():
                      ^^^^^^^^^^^^^^^^^
  File "/media/vijaipatange/New Volume/conference_ai/venv/lib/python3.12/site-packages/rest_framework/serializers.py", line 1105, in get_fields
    field_class, field_kwargs = self.build_field(
                                ^^^^^^^^^^^^^^^^^
  File "/media/vijaipatange/New Volume/conference_ai/venv/lib/python3.12/site-packages/rest_framework/serializers.py", line 1251, in build_field
    return self.build_unknown_field(field_name, model_class)
           ^^^^^^^^^^^^^^^^^^^^^^^^^^^^^^^^^^^^^^^^^^^^^^^^^
  File "/media/vijaipatange/New Volume/conference_ai/venv/lib/python3.12/site-packages/rest_framework/serializers.py", line 1369, in build_unknown_field
    raise ImproperlyConfigured(
django.core.exceptions.ImproperlyConfigured: Field name `created_at` is not valid for model `Attendee` in `attendees.serializers.AttendeeDetailSerializer`.
ERROR 2026-02-17 17:30:56,819 log 11883 137815380903616 "POST /api/events/join/ HTTP/1.1" 500 152389
INFO 2026-02-17 17:33:29,595 autoreload 11883 137816690991424 /media/vijaipatange/New Volume/conference_ai/attendees/models.py changed, reloading.
INFO 2026-02-17 17:33:36,682 autoreload 13706 127395218702656 Watching for file changes with StatReloader
INFO 2026-02-17 17:36:27,685 autoreload 14151 125419200471360 Watching for file changes with StatReloader
ERROR 2026-02-17 17:37:02,284 log 14151 125417911371456 Internal Server Error: /api/events/join/
Traceback (most recent call last):
  File "/media/vijaipatange/New Volume/conference_ai/venv/lib/python3.12/site-packages/django/db/backends/utils.py", line 105, in _execute
    return self.cursor.execute(sql, params)
           ^^^^^^^^^^^^^^^^^^^^^^^^^^^^^^^^
psycopg2.errors.UniqueViolation: duplicate key value violates unique constraint "auth_user_username_key"
DETAIL:  Key (username)=(john3@example.com) already exists.


The above exception was the direct cause of the following exception:

Traceback (most recent call last):
  File "/media/vijaipatange/New Volume/conference_ai/venv/lib/python3.12/site-packages/django/core/handlers/exception.py", line 55, in inner
    response = get_response(request)
               ^^^^^^^^^^^^^^^^^^^^^
  File "/media/vijaipatange/New Volume/conference_ai/venv/lib/python3.12/site-packages/django/core/handlers/base.py", line 198, in _get_response
    response = wrapped_callback(request, *callback_args, **callback_kwargs)
               ^^^^^^^^^^^^^^^^^^^^^^^^^^^^^^^^^^^^^^^^^^^^^^^^^^^^^^^^^^^^
  File "/media/vijaipatange/New Volume/conference_ai/venv/lib/python3.12/site-packages/django/views/decorators/csrf.py", line 65, in _view_wrapper
    return view_func(request, *args, **kwargs)
           ^^^^^^^^^^^^^^^^^^^^^^^^^^^^^^^^^^^
  File "/media/vijaipatange/New Volume/conference_ai/venv/lib/python3.12/site-packages/rest_framework/viewsets.py", line 125, in view
    return self.dispatch(request, *args, **kwargs)
           ^^^^^^^^^^^^^^^^^^^^^^^^^^^^^^^^^^^^^^^
  File "/media/vijaipatange/New Volume/conference_ai/venv/lib/python3.12/site-packages/rest_framework/views.py", line 515, in dispatch
    response = self.handle_exception(exc)
               ^^^^^^^^^^^^^^^^^^^^^^^^^^
  File "/media/vijaipatange/New Volume/conference_ai/venv/lib/python3.12/site-packages/rest_framework/views.py", line 475, in handle_exception
    self.raise_uncaught_exception(exc)
  File "/media/vijaipatange/New Volume/conference_ai/venv/lib/python3.12/site-packages/rest_framework/views.py", line 486, in raise_uncaught_exception
    raise exc
  File "/media/vijaipatange/New Volume/conference_ai/venv/lib/python3.12/site-packages/rest_framework/views.py", line 512, in dispatch
    response = handler(request, *args, **kwargs)
               ^^^^^^^^^^^^^^^^^^^^^^^^^^^^^^^^^
  File "/media/vijaipatange/New Volume/conference_ai/events/views.py", line 127, in join
    attendee = serializer.save()
               ^^^^^^^^^^^^^^^^^
  File "/media/vijaipatange/New Volume/conference_ai/venv/lib/python3.12/site-packages/rest_framework/serializers.py", line 210, in save
    self.instance = self.create(validated_data)
                    ^^^^^^^^^^^^^^^^^^^^^^^^^^^
  File "/media/vijaipatange/New Volume/conference_ai/attendees/serializers.py", line 63, in create
    user = User.objects.create_user(
           ^^^^^^^^^^^^^^^^^^^^^^^^^
  File "/media/vijaipatange/New Volume/conference_ai/venv/lib/python3.12/site-packages/django/contrib/auth/models.py", line 175, in create_user
    return self._create_user(username, email, password, **extra_fields)
           ^^^^^^^^^^^^^^^^^^^^^^^^^^^^^^^^^^^^^^^^^^^^^^^^^^^^^^^^^^^^
  File "/media/vijaipatange/New Volume/conference_ai/venv/lib/python3.12/site-packages/django/contrib/auth/models.py", line 163, in _create_user
    user.save(using=self._db)
  File "/media/vijaipatange/New Volume/conference_ai/venv/lib/python3.12/site-packages/django/contrib/auth/base_user.py", line 62, in save
    super().save(**kwargs)
  File "/media/vijaipatange/New Volume/conference_ai/venv/lib/python3.12/site-packages/django/db/models/base.py", line 874, in save
    self.save_base(
  File "/media/vijaipatange/New Volume/conference_ai/venv/lib/python3.12/site-packages/django/db/models/base.py", line 966, in save_base
    updated = self._save_table(
              ^^^^^^^^^^^^^^^^^
  File "/media/vijaipatange/New Volume/conference_ai/venv/lib/python3.12/site-packages/django/db/models/base.py", line 1169, in _save_table
    results = self._do_insert(
              ^^^^^^^^^^^^^^^^
  File "/media/vijaipatange/New Volume/conference_ai/venv/lib/python3.12/site-packages/django/db/models/base.py", line 1220, in _do_insert
    return manager._insert(
           ^^^^^^^^^^^^^^^^
  File "/media/vijaipatange/New Volume/conference_ai/venv/lib/python3.12/site-packages/django/db/models/manager.py", line 87, in manager_method
    return getattr(self.get_queryset(), name)(*args, **kwargs)
           ^^^^^^^^^^^^^^^^^^^^^^^^^^^^^^^^^^^^^^^^^^^^^^^^^^^
  File "/media/vijaipatange/New Volume/conference_ai/venv/lib/python3.12/site-packages/django/db/models/query.py", line 1918, in _insert
    return query.get_compiler(using=using).execute_sql(returning_fields)
           ^^^^^^^^^^^^^^^^^^^^^^^^^^^^^^^^^^^^^^^^^^^^^^^^^^^^^^^^^^^^^
  File "/media/vijaipatange/New Volume/conference_ai/venv/lib/python3.12/site-packages/django/db/models/sql/compiler.py", line 1925, in execute_sql
    cursor.execute(sql, params)
  File "/media/vijaipatange/New Volume/conference_ai/venv/lib/python3.12/site-packages/django/db/backends/utils.py", line 122, in execute
    return super().execute(sql, params)
           ^^^^^^^^^^^^^^^^^^^^^^^^^^^^
  File "/media/vijaipatange/New Volume/conference_ai/venv/lib/python3.12/site-packages/django/db/backends/utils.py", line 79, in execute
    return self._execute_with_wrappers(
           ^^^^^^^^^^^^^^^^^^^^^^^^^^^^
  File "/media/vijaipatange/New Volume/conference_ai/venv/lib/python3.12/site-packages/django/db/backends/utils.py", line 92, in _execute_with_wrappers
    return executor(sql, params, many, context)
           ^^^^^^^^^^^^^^^^^^^^^^^^^^^^^^^^^^^^
  File "/media/vijaipatange/New Volume/conference_ai/venv/lib/python3.12/site-packages/django/db/backends/utils.py", line 100, in _execute
    with self.db.wrap_database_errors:
  File "/media/vijaipatange/New Volume/conference_ai/venv/lib/python3.12/site-packages/django/db/utils.py", line 94, in __exit__
    raise dj_exc_value.with_traceback(traceback) from exc_value
  File "/media/vijaipatange/New Volume/conference_ai/venv/lib/python3.12/site-packages/django/db/backends/utils.py", line 105, in _execute
    return self.cursor.execute(sql, params)
           ^^^^^^^^^^^^^^^^^^^^^^^^^^^^^^^^
django.db.utils.IntegrityError: duplicate key value violates unique constraint "auth_user_username_key"
DETAIL:  Key (username)=(john3@example.com) already exists.

ERROR 2026-02-17 17:37:02,300 log 14151 125417911371456 "POST /api/events/join/ HTTP/1.1" 500 207877
INFO 2026-02-17 17:37:16,815 signals 14151 125417911371456 Generating embedding for attendee john2@example.com
INFO 2026-02-17 17:37:21,446 services 14151 125417911371456 InsightFace model loaded successfully
INFO 2026-02-17 17:37:23,966 services 14151 125417911371456 Generated embedding for /media/vijaipatange/New Volume/conference_ai/media/selfies/photo-1507003211169-0a1dd7228f2d_UVtlycd.jpeg
INFO 2026-02-17 17:37:24,005 signals 14151 125417911371456 Embedding saved for attendee john2@example.com
INFO 2026-02-17 17:37:24,012 log 14151 125417911371456 "POST /api/events/join/ HTTP/1.1" 201 266
INFO 2026-02-17 17:38:32,090 log 14151 125417809770176 "GET /api/attendees/1/ HTTP/1.1" 200 278
WARNING 2026-02-17 17:38:39,865 log 14151 125417809770176 Not Found: /api/attendees/6/
WARNING 2026-02-17 17:38:39,871 log 14151 125417809770176 "GET /api/attendees/6/ HTTP/1.1" 404 49
INFO 2026-02-17 17:38:44,703 log 14151 125417809770176 "GET /api/attendees/2/ HTTP/1.1" 200 287
WARNING 2026-02-17 17:39:57,181 log 14151 125417809770176 Method Not Allowed: /api/events/join/
WARNING 2026-02-17 17:39:57,186 log 14151 125417809770176 "GET /api/events/join/ HTTP/1.1" 405 40
WARNING 2026-02-17 17:39:57,657 log 14151 125417809770176 Not Found: /favicon.ico
WARNING 2026-02-17 17:39:57,657 log 14151 125417809770176 "GET /favicon.ico HTTP/1.1" 404 2853
WARNING 2026-02-17 17:42:18,734 log 14151 125417801377472 Not Found: /api/events/2/upload-image
WARNING 2026-02-17 17:42:18,737 log 14151 125417801377472 "POST /api/events/2/upload-image HTTP/1.1" 404 13083
INFO 2026-02-17 17:43:32,759 signals 14151 125417792984768 Queueing async processing for EventImage 1 (event=2)
INFO 2026-02-17 17:43:33,407 log 14151 125417792984768 "POST /api/events/2/upload_image/ HTTP/1.1" 201 180
INFO 2026-02-17 17:43:33,439 tasks 7052 135287494942848 Starting complete processing for EventImage 1
INFO 2026-02-17 17:43:33,447 face_processor 7052 135287494942848 Processing event image 1 from event 2
INFO 2026-02-17 17:43:37,313 services 7052 135287494942848 InsightFace model loaded successfully
INFO 2026-02-17 17:43:42,234 services 7052 135287494942848 Detected 4 faces in /media/vijaipatange/New Volume/conference_ai/media/event_images/photo-1552664730-d307ca884978.jpeg
DEBUG 2026-02-17 17:43:42,257 face_processor 7052 135287494942848 Similarity between detected face and attendee john3@example.com: 0.0292
DEBUG 2026-02-17 17:43:42,269 face_processor 7052 135287494942848 Similarity between detected face and attendee john2@example.com: 0.0292
INFO 2026-02-17 17:43:42,269 face_processor 7052 135287494942848 No match found (best similarity: 0.0292 < 0.6)
DEBUG 2026-02-17 17:43:42,341 face_processor 7052 135287494942848 Similarity between detected face and attendee john3@example.com: -0.0753
DEBUG 2026-02-17 17:43:42,346 face_processor 7052 135287494942848 Similarity between detected face and attendee john2@example.com: -0.0753
INFO 2026-02-17 17:43:42,347 face_processor 7052 135287494942848 No attendees to compare against
DEBUG 2026-02-17 17:43:42,378 face_processor 7052 135287494942848 Similarity between detected face and attendee john3@example.com: 0.0721
DEBUG 2026-02-17 17:43:42,386 face_processor 7052 135287494942848 Similarity between detected face and attendee john2@example.com: 0.0721
INFO 2026-02-17 17:43:42,386 face_processor 7052 135287494942848 No match found (best similarity: 0.0721 < 0.6)
DEBUG 2026-02-17 17:43:42,406 face_processor 7052 135287494942848 Similarity between detected face and attendee john3@example.com: -0.0028
DEBUG 2026-02-17 17:43:42,412 face_processor 7052 135287494942848 Similarity between detected face and attendee john2@example.com: -0.0028
INFO 2026-02-17 17:43:42,414 face_processor 7052 135287494942848 No attendees to compare against
INFO 2026-02-17 17:43:42,424 face_processor 7052 135287494942848 Created 4 DetectedFace records from 4 faces in event image 1
INFO 2026-02-17 17:43:42,427 tasks 7052 135287494942848 Detected 4 faces
DEBUG 2026-02-17 17:43:42,441 services 7052 135287494942848 Fewer than 2 matched attendees in image 1, no interactions to process
INFO 2026-02-17 17:43:42,443 tasks 7052 135287494942848 Created 0 interaction pairs
INFO 2026-02-17 17:43:42,445 tasks 7052 135287494942848 Completed full processing for EventImage 1
INFO 2026-02-17 17:44:12,173 log 14151 125417782494912 "GET /api/events/1/images/ HTTP/1.1" 200 2
INFO 2026-02-17 17:44:21,397 log 14151 125417782494912 "GET /api/events/2/images/ HTTP/1.1" 200 41023
INFO 2026-02-17 17:44:51,166 log 14151 125417782494912 "GET /api/detected-faces/2/ HTTP/1.1" 200 10134
INFO 2026-02-17 17:45:22,287 log 14151 125417809770176 "GET /api/events/2/images/ HTTP/1.1" 200 41023
ERROR 2026-02-17 17:46:50,118 log 14151 125417782494912 Internal Server Error: /api/detected-faces/stats/
Traceback (most recent call last):
  File "/media/vijaipatange/New Volume/conference_ai/venv/lib/python3.12/site-packages/django/core/handlers/exception.py", line 55, in inner
    response = get_response(request)
               ^^^^^^^^^^^^^^^^^^^^^
  File "/media/vijaipatange/New Volume/conference_ai/venv/lib/python3.12/site-packages/django/core/handlers/base.py", line 198, in _get_response
    response = wrapped_callback(request, *callback_args, **callback_kwargs)
               ^^^^^^^^^^^^^^^^^^^^^^^^^^^^^^^^^^^^^^^^^^^^^^^^^^^^^^^^^^^^
  File "/media/vijaipatange/New Volume/conference_ai/venv/lib/python3.12/site-packages/django/views/decorators/csrf.py", line 65, in _view_wrapper
    return view_func(request, *args, **kwargs)
           ^^^^^^^^^^^^^^^^^^^^^^^^^^^^^^^^^^^
  File "/media/vijaipatange/New Volume/conference_ai/venv/lib/python3.12/site-packages/rest_framework/viewsets.py", line 125, in view
    return self.dispatch(request, *args, **kwargs)
           ^^^^^^^^^^^^^^^^^^^^^^^^^^^^^^^^^^^^^^^
  File "/media/vijaipatange/New Volume/conference_ai/venv/lib/python3.12/site-packages/rest_framework/views.py", line 515, in dispatch
    response = self.handle_exception(exc)
               ^^^^^^^^^^^^^^^^^^^^^^^^^^
  File "/media/vijaipatange/New Volume/conference_ai/venv/lib/python3.12/site-packages/rest_framework/views.py", line 475, in handle_exception
    self.raise_uncaught_exception(exc)
  File "/media/vijaipatange/New Volume/conference_ai/venv/lib/python3.12/site-packages/rest_framework/views.py", line 486, in raise_uncaught_exception
    raise exc
  File "/media/vijaipatange/New Volume/conference_ai/venv/lib/python3.12/site-packages/rest_framework/views.py", line 512, in dispatch
    response = handler(request, *args, **kwargs)
               ^^^^^^^^^^^^^^^^^^^^^^^^^^^^^^^^^
  File "/media/vijaipatange/New Volume/conference_ai/recognition/views.py", line 112, in stats
    'total_faces': event.eventimage.count(),
                   ^^^^^^^^^^^^^^^^
AttributeError: 'Event' object has no attribute 'eventimage'. Did you mean: 'eventimage_set'?
ERROR 2026-02-17 17:46:50,120 log 14151 125417782494912 "GET /api/detected-faces/stats/ HTTP/1.1" 500 103958
INFO 2026-02-17 17:48:11,381 autoreload 15344 129001516433728 Watching for file changes with StatReloader
INFO 2026-02-17 17:49:03,750 autoreload 15344 129001516433728 /media/vijaipatange/New Volume/conference_ai/recognition/views.py changed, reloading.
INFO 2026-02-17 17:49:05,877 autoreload 15390 135422244864320 Watching for file changes with StatReloader
ERROR 2026-02-17 17:49:11,429 log 15390 135420955084480 Internal Server Error: /api/detected-faces/stats/
Traceback (most recent call last):
  File "/media/vijaipatange/New Volume/conference_ai/venv/lib/python3.12/site-packages/django/core/handlers/exception.py", line 55, in inner
    response = get_response(request)
               ^^^^^^^^^^^^^^^^^^^^^
  File "/media/vijaipatange/New Volume/conference_ai/venv/lib/python3.12/site-packages/django/core/handlers/base.py", line 198, in _get_response
    response = wrapped_callback(request, *callback_args, **callback_kwargs)
               ^^^^^^^^^^^^^^^^^^^^^^^^^^^^^^^^^^^^^^^^^^^^^^^^^^^^^^^^^^^^
  File "/media/vijaipatange/New Volume/conference_ai/venv/lib/python3.12/site-packages/django/views/decorators/csrf.py", line 65, in _view_wrapper
    return view_func(request, *args, **kwargs)
           ^^^^^^^^^^^^^^^^^^^^^^^^^^^^^^^^^^^
  File "/media/vijaipatange/New Volume/conference_ai/venv/lib/python3.12/site-packages/rest_framework/viewsets.py", line 125, in view
    return self.dispatch(request, *args, **kwargs)
           ^^^^^^^^^^^^^^^^^^^^^^^^^^^^^^^^^^^^^^^
  File "/media/vijaipatange/New Volume/conference_ai/venv/lib/python3.12/site-packages/rest_framework/views.py", line 515, in dispatch
    response = self.handle_exception(exc)
               ^^^^^^^^^^^^^^^^^^^^^^^^^^
  File "/media/vijaipatange/New Volume/conference_ai/venv/lib/python3.12/site-packages/rest_framework/views.py", line 475, in handle_exception
    self.raise_uncaught_exception(exc)
  File "/media/vijaipatange/New Volume/conference_ai/venv/lib/python3.12/site-packages/rest_framework/views.py", line 486, in raise_uncaught_exception
    raise exc
  File "/media/vijaipatange/New Volume/conference_ai/venv/lib/python3.12/site-packages/rest_framework/views.py", line 512, in dispatch
    response = handler(request, *args, **kwargs)
               ^^^^^^^^^^^^^^^^^^^^^^^^^^^^^^^^^
  File "/media/vijaipatange/New Volume/conference_ai/recognition/views.py", line 114, in stats
    'match_rate': (matched / event.eventimage.count() * 100) if event.eventimage.count() > 0 else 0
                                                                ^^^^^^^^^^^^^^^^
AttributeError: 'Event' object has no attribute 'eventimage'. Did you mean: 'eventimage_set'?
ERROR 2026-02-17 17:49:11,432 log 15390 135420955084480 "GET /api/detected-faces/stats/ HTTP/1.1" 500 104149
INFO 2026-02-17 17:49:52,424 autoreload 15390 135422244864320 /media/vijaipatange/New Volume/conference_ai/recognition/views.py changed, reloading.
INFO 2026-02-17 17:49:54,571 autoreload 15496 139862575993152 Watching for file changes with StatReloader
INFO 2026-02-17 17:49:57,423 log 15496 139861286602432 "GET /api/detected-faces/stats/ HTTP/1.1" 200 360
WARNING 2026-02-17 17:50:32,145 log 15496 139861286602432 Not Found: /api/interactions/top-combinations/
WARNING 2026-02-17 17:50:32,146 log 15496 139861286602432 "GET /api/interactions/top-combinations/?event_id=2&limit=10 HTTP/1.1" 404 23
WARNING 2026-02-17 17:50:43,267 log 15496 139861286602432 Not Found: /api/interactions/top-combinations/
WARNING 2026-02-17 17:50:43,267 log 15496 139861286602432 "GET /api/interactions/top-combinations/?event_id=2&limit=10 HTTP/1.1" 404 23
WARNING 2026-02-17 17:51:13,544 log 15496 139861286602432 Not Found: /api/interactions/top-combinations/
WARNING 2026-02-17 17:51:13,544 log 15496 139861286602432 "GET /api/interactions/top-combinations/?event_id=2 HTTP/1.1" 404 23
WARNING 2026-02-17 17:51:19,890 log 15496 139861286602432 Not Found: /api/interactions/top-combinations/
WARNING 2026-02-17 17:51:19,890 log 15496 139861286602432 "GET /api/interactions/top-combinations/ HTTP/1.1" 404 23
WARNING 2026-02-17 17:52:34,660 log 15496 139861276112576 Not Found: /api/interactions/my-connections/
WARNING 2026-02-17 17:52:34,660 log 15496 139861276112576 "GET /api/interactions/my-connections/?attendee_id=1&event_id=2 HTTP/1.1" 404 23
WARNING 2026-02-17 17:53:30,255 log 15496 139861276112576 Not Found: /api/interactions/my-connections/
WARNING 2026-02-17 17:53:30,256 log 15496 139861276112576 "GET /api/interactions/my-connections/?attendee_id=4&event_id=2 HTTP/1.1" 404 23
WARNING 2026-02-17 17:53:34,193 log 15496 139861276112576 Not Found: /api/interactions/my-connections/
WARNING 2026-02-17 17:53:34,194 log 15496 139861276112576 "GET /api/interactions/my-connections/?attendee_id=2&event_id=2 HTTP/1.1" 404 23
INFO 2026-02-23 09:47:30,568 autoreload 22872 127853577077056 Watching for file changes with StatReloader
INFO 2026-02-23 09:48:44,242 autoreload 22872 127853577077056 /media/vijaipatange/New Volume/conference_ai/conference_ai/settings.py changed, reloading.
INFO 2026-02-23 09:48:46,364 autoreload 22999 138296864338240 Watching for file changes with StatReloader
INFO 2026-02-23 09:49:47,193 log 22999 138295575414464 "POST /api/events/ HTTP/1.1" 201 112
ERROR 2026-02-23 09:52:52,747 log 22999 138295564924608 Internal Server Error: /api/events/join/
Traceback (most recent call last):
  File "/media/vijaipatange/New Volume/conference_ai/venv/lib/python3.12/site-packages/django/db/backends/utils.py", line 105, in _execute
    return self.cursor.execute(sql, params)
           ^^^^^^^^^^^^^^^^^^^^^^^^^^^^^^^^
psycopg2.errors.UniqueViolation: duplicate key value violates unique constraint "auth_user_username_key"
DETAIL:  Key (username)=(john2@example.com) already exists.


The above exception was the direct cause of the following exception:

Traceback (most recent call last):
  File "/media/vijaipatange/New Volume/conference_ai/venv/lib/python3.12/site-packages/django/core/handlers/exception.py", line 55, in inner
    response = get_response(request)
               ^^^^^^^^^^^^^^^^^^^^^
  File "/media/vijaipatange/New Volume/conference_ai/venv/lib/python3.12/site-packages/django/core/handlers/base.py", line 198, in _get_response
    response = wrapped_callback(request, *callback_args, **callback_kwargs)
               ^^^^^^^^^^^^^^^^^^^^^^^^^^^^^^^^^^^^^^^^^^^^^^^^^^^^^^^^^^^^
  File "/media/vijaipatange/New Volume/conference_ai/venv/lib/python3.12/site-packages/django/views/decorators/csrf.py", line 65, in _view_wrapper
    return view_func(request, *args, **kwargs)
           ^^^^^^^^^^^^^^^^^^^^^^^^^^^^^^^^^^^
  File "/media/vijaipatange/New Volume/conference_ai/venv/lib/python3.12/site-packages/rest_framework/viewsets.py", line 125, in view
    return self.dispatch(request, *args, **kwargs)
           ^^^^^^^^^^^^^^^^^^^^^^^^^^^^^^^^^^^^^^^
  File "/media/vijaipatange/New Volume/conference_ai/venv/lib/python3.12/site-packages/rest_framework/views.py", line 515, in dispatch
    response = self.handle_exception(exc)
               ^^^^^^^^^^^^^^^^^^^^^^^^^^
  File "/media/vijaipatange/New Volume/conference_ai/venv/lib/python3.12/site-packages/rest_framework/views.py", line 475, in handle_exception
    self.raise_uncaught_exception(exc)
  File "/media/vijaipatange/New Volume/conference_ai/venv/lib/python3.12/site-packages/rest_framework/views.py", line 486, in raise_uncaught_exception
    raise exc
  File "/media/vijaipatange/New Volume/conference_ai/venv/lib/python3.12/site-packages/rest_framework/views.py", line 512, in dispatch
    response = handler(request, *args, **kwargs)
               ^^^^^^^^^^^^^^^^^^^^^^^^^^^^^^^^^
  File "/media/vijaipatange/New Volume/conference_ai/events/views.py", line 127, in join
    attendee = serializer.save()
               ^^^^^^^^^^^^^^^^^
  File "/media/vijaipatange/New Volume/conference_ai/venv/lib/python3.12/site-packages/rest_framework/serializers.py", line 210, in save
    self.instance = self.create(validated_data)
                    ^^^^^^^^^^^^^^^^^^^^^^^^^^^
  File "/media/vijaipatange/New Volume/conference_ai/attendees/serializers.py", line 63, in create
    user = User.objects.create_user(
           ^^^^^^^^^^^^^^^^^^^^^^^^^
  File "/media/vijaipatange/New Volume/conference_ai/venv/lib/python3.12/site-packages/django/contrib/auth/models.py", line 175, in create_user
    return self._create_user(username, email, password, **extra_fields)
           ^^^^^^^^^^^^^^^^^^^^^^^^^^^^^^^^^^^^^^^^^^^^^^^^^^^^^^^^^^^^
  File "/media/vijaipatange/New Volume/conference_ai/venv/lib/python3.12/site-packages/django/contrib/auth/models.py", line 163, in _create_user
    user.save(using=self._db)
  File "/media/vijaipatange/New Volume/conference_ai/venv/lib/python3.12/site-packages/django/contrib/auth/base_user.py", line 62, in save
    super().save(**kwargs)
  File "/media/vijaipatange/New Volume/conference_ai/venv/lib/python3.12/site-packages/django/db/models/base.py", line 874, in save
    self.save_base(
  File "/media/vijaipatange/New Volume/conference_ai/venv/lib/python3.12/site-packages/django/db/models/base.py", line 966, in save_base
    updated = self._save_table(
              ^^^^^^^^^^^^^^^^^
  File "/media/vijaipatange/New Volume/conference_ai/venv/lib/python3.12/site-packages/django/db/models/base.py", line 1169, in _save_table
    results = self._do_insert(
              ^^^^^^^^^^^^^^^^
  File "/media/vijaipatange/New Volume/conference_ai/venv/lib/python3.12/site-packages/django/db/models/base.py", line 1220, in _do_insert
    return manager._insert(
           ^^^^^^^^^^^^^^^^
  File "/media/vijaipatange/New Volume/conference_ai/venv/lib/python3.12/site-packages/django/db/models/manager.py", line 87, in manager_method
    return getattr(self.get_queryset(), name)(*args, **kwargs)
           ^^^^^^^^^^^^^^^^^^^^^^^^^^^^^^^^^^^^^^^^^^^^^^^^^^^
  File "/media/vijaipatange/New Volume/conference_ai/venv/lib/python3.12/site-packages/django/db/models/query.py", line 1918, in _insert
    return query.get_compiler(using=using).execute_sql(returning_fields)
           ^^^^^^^^^^^^^^^^^^^^^^^^^^^^^^^^^^^^^^^^^^^^^^^^^^^^^^^^^^^^^
  File "/media/vijaipatange/New Volume/conference_ai/venv/lib/python3.12/site-packages/django/db/models/sql/compiler.py", line 1925, in execute_sql
    cursor.execute(sql, params)
  File "/media/vijaipatange/New Volume/conference_ai/venv/lib/python3.12/site-packages/django/db/backends/utils.py", line 122, in execute
    return super().execute(sql, params)
           ^^^^^^^^^^^^^^^^^^^^^^^^^^^^
  File "/media/vijaipatange/New Volume/conference_ai/venv/lib/python3.12/site-packages/django/db/backends/utils.py", line 79, in execute
    return self._execute_with_wrappers(
           ^^^^^^^^^^^^^^^^^^^^^^^^^^^^
  File "/media/vijaipatange/New Volume/conference_ai/venv/lib/python3.12/site-packages/django/db/backends/utils.py", line 92, in _execute_with_wrappers
    return executor(sql, params, many, context)
           ^^^^^^^^^^^^^^^^^^^^^^^^^^^^^^^^^^^^
  File "/media/vijaipatange/New Volume/conference_ai/venv/lib/python3.12/site-packages/django/db/backends/utils.py", line 100, in _execute
    with self.db.wrap_database_errors:
  File "/media/vijaipatange/New Volume/conference_ai/venv/lib/python3.12/site-packages/django/db/utils.py", line 94, in __exit__
    raise dj_exc_value.with_traceback(traceback) from exc_value
  File "/media/vijaipatange/New Volume/conference_ai/venv/lib/python3.12/site-packages/django/db/backends/utils.py", line 105, in _execute
    return self.cursor.execute(sql, params)
           ^^^^^^^^^^^^^^^^^^^^^^^^^^^^^^^^
django.db.utils.IntegrityError: duplicate key value violates unique constraint "auth_user_username_key"
DETAIL:  Key (username)=(john2@example.com) already exists.

ERROR 2026-02-23 09:52:52,751 log 22999 138295564924608 "POST /api/events/join/ HTTP/1.1" 500 207780
INFO 2026-02-23 09:53:12,835 signals 22999 138295564924608 Generating embedding for attendee vijay@example.com
INFO 2026-02-23 09:53:15,200 services 22999 138295564924608 InsightFace model loaded successfully
INFO 2026-02-23 09:53:16,032 services 22999 138295564924608 Generated embedding for /media/vijaipatange/New Volume/conference_ai/media/selfies/selfie.jpeg
INFO 2026-02-23 09:53:16,035 signals 22999 138295564924608 Embedding saved for attendee vijay@example.com
INFO 2026-02-23 09:53:16,037 log 22999 138295564924608 "POST /api/events/join/ HTTP/1.1" 201 232
ERROR 2026-02-23 09:53:40,293 log 22999 138295564924608 Internal Server Error: /api/events/join/
Traceback (most recent call last):
  File "/media/vijaipatange/New Volume/conference_ai/venv/lib/python3.12/site-packages/django/db/backends/utils.py", line 105, in _execute
    return self.cursor.execute(sql, params)
           ^^^^^^^^^^^^^^^^^^^^^^^^^^^^^^^^
psycopg2.errors.UniqueViolation: duplicate key value violates unique constraint "auth_user_username_key"
DETAIL:  Key (username)=(vijay@example.com) already exists.


The above exception was the direct cause of the following exception:

Traceback (most recent call last):
  File "/media/vijaipatange/New Volume/conference_ai/venv/lib/python3.12/site-packages/django/core/handlers/exception.py", line 55, in inner
    response = get_response(request)
               ^^^^^^^^^^^^^^^^^^^^^
  File "/media/vijaipatange/New Volume/conference_ai/venv/lib/python3.12/site-packages/django/core/handlers/base.py", line 198, in _get_response
    response = wrapped_callback(request, *callback_args, **callback_kwargs)
               ^^^^^^^^^^^^^^^^^^^^^^^^^^^^^^^^^^^^^^^^^^^^^^^^^^^^^^^^^^^^
  File "/media/vijaipatange/New Volume/conference_ai/venv/lib/python3.12/site-packages/django/views/decorators/csrf.py", line 65, in _view_wrapper
    return view_func(request, *args, **kwargs)
           ^^^^^^^^^^^^^^^^^^^^^^^^^^^^^^^^^^^
  File "/media/vijaipatange/New Volume/conference_ai/venv/lib/python3.12/site-packages/rest_framework/viewsets.py", line 125, in view
    return self.dispatch(request, *args, **kwargs)
           ^^^^^^^^^^^^^^^^^^^^^^^^^^^^^^^^^^^^^^^
  File "/media/vijaipatange/New Volume/conference_ai/venv/lib/python3.12/site-packages/rest_framework/views.py", line 515, in dispatch
    response = self.handle_exception(exc)
               ^^^^^^^^^^^^^^^^^^^^^^^^^^
  File "/media/vijaipatange/New Volume/conference_ai/venv/lib/python3.12/site-packages/rest_framework/views.py", line 475, in handle_exception
    self.raise_uncaught_exception(exc)
  File "/media/vijaipatange/New Volume/conference_ai/venv/lib/python3.12/site-packages/rest_framework/views.py", line 486, in raise_uncaught_exception
    raise exc
  File "/media/vijaipatange/New Volume/conference_ai/venv/lib/python3.12/site-packages/rest_framework/views.py", line 512, in dispatch
    response = handler(request, *args, **kwargs)
               ^^^^^^^^^^^^^^^^^^^^^^^^^^^^^^^^^
  File "/media/vijaipatange/New Volume/conference_ai/events/views.py", line 127, in join
    attendee = serializer.save()
               ^^^^^^^^^^^^^^^^^
  File "/media/vijaipatange/New Volume/conference_ai/venv/lib/python3.12/site-packages/rest_framework/serializers.py", line 210, in save
    self.instance = self.create(validated_data)
                    ^^^^^^^^^^^^^^^^^^^^^^^^^^^
  File "/media/vijaipatange/New Volume/conference_ai/attendees/serializers.py", line 63, in create
    user = User.objects.create_user(
           ^^^^^^^^^^^^^^^^^^^^^^^^^
  File "/media/vijaipatange/New Volume/conference_ai/venv/lib/python3.12/site-packages/django/contrib/auth/models.py", line 175, in create_user
    return self._create_user(username, email, password, **extra_fields)
           ^^^^^^^^^^^^^^^^^^^^^^^^^^^^^^^^^^^^^^^^^^^^^^^^^^^^^^^^^^^^
  File "/media/vijaipatange/New Volume/conference_ai/venv/lib/python3.12/site-packages/django/contrib/auth/models.py", line 163, in _create_user
    user.save(using=self._db)
  File "/media/vijaipatange/New Volume/conference_ai/venv/lib/python3.12/site-packages/django/contrib/auth/base_user.py", line 62, in save
    super().save(**kwargs)
  File "/media/vijaipatange/New Volume/conference_ai/venv/lib/python3.12/site-packages/django/db/models/base.py", line 874, in save
    self.save_base(
  File "/media/vijaipatange/New Volume/conference_ai/venv/lib/python3.12/site-packages/django/db/models/base.py", line 966, in save_base
    updated = self._save_table(
              ^^^^^^^^^^^^^^^^^
  File "/media/vijaipatange/New Volume/conference_ai/venv/lib/python3.12/site-packages/django/db/models/base.py", line 1169, in _save_table
    results = self._do_insert(
              ^^^^^^^^^^^^^^^^
  File "/media/vijaipatange/New Volume/conference_ai/venv/lib/python3.12/site-packages/django/db/models/base.py", line 1220, in _do_insert
    return manager._insert(
           ^^^^^^^^^^^^^^^^
  File "/media/vijaipatange/New Volume/conference_ai/venv/lib/python3.12/site-packages/django/db/models/manager.py", line 87, in manager_method
    return getattr(self.get_queryset(), name)(*args, **kwargs)
           ^^^^^^^^^^^^^^^^^^^^^^^^^^^^^^^^^^^^^^^^^^^^^^^^^^^
  File "/media/vijaipatange/New Volume/conference_ai/venv/lib/python3.12/site-packages/django/db/models/query.py", line 1918, in _insert
    return query.get_compiler(using=using).execute_sql(returning_fields)
           ^^^^^^^^^^^^^^^^^^^^^^^^^^^^^^^^^^^^^^^^^^^^^^^^^^^^^^^^^^^^^
  File "/media/vijaipatange/New Volume/conference_ai/venv/lib/python3.12/site-packages/django/db/models/sql/compiler.py", line 1925, in execute_sql
    cursor.execute(sql, params)
  File "/media/vijaipatange/New Volume/conference_ai/venv/lib/python3.12/site-packages/django/db/backends/utils.py", line 122, in execute
    return super().execute(sql, params)
           ^^^^^^^^^^^^^^^^^^^^^^^^^^^^
  File "/media/vijaipatange/New Volume/conference_ai/venv/lib/python3.12/site-packages/django/db/backends/utils.py", line 79, in execute
    return self._execute_with_wrappers(
           ^^^^^^^^^^^^^^^^^^^^^^^^^^^^
  File "/media/vijaipatange/New Volume/conference_ai/venv/lib/python3.12/site-packages/django/db/backends/utils.py", line 92, in _execute_with_wrappers
    return executor(sql, params, many, context)
           ^^^^^^^^^^^^^^^^^^^^^^^^^^^^^^^^^^^^
  File "/media/vijaipatange/New Volume/conference_ai/venv/lib/python3.12/site-packages/django/db/backends/utils.py", line 100, in _execute
    with self.db.wrap_database_errors:
  File "/media/vijaipatange/New Volume/conference_ai/venv/lib/python3.12/site-packages/django/db/utils.py", line 94, in __exit__
    raise dj_exc_value.with_traceback(traceback) from exc_value
  File "/media/vijaipatange/New Volume/conference_ai/venv/lib/python3.12/site-packages/django/db/backends/utils.py", line 105, in _execute
    return self.cursor.execute(sql, params)
           ^^^^^^^^^^^^^^^^^^^^^^^^^^^^^^^^
django.db.utils.IntegrityError: duplicate key value violates unique constraint "auth_user_username_key"
DETAIL:  Key (username)=(vijay@example.com) already exists.

ERROR 2026-02-23 09:53:40,295 log 22999 138295564924608 "POST /api/events/join/ HTTP/1.1" 500 207842
ERROR 2026-02-23 09:53:45,402 log 22999 138295564924608 Internal Server Error: /api/events/join/
Traceback (most recent call last):
  File "/media/vijaipatange/New Volume/conference_ai/venv/lib/python3.12/site-packages/django/db/backends/utils.py", line 105, in _execute
    return self.cursor.execute(sql, params)
           ^^^^^^^^^^^^^^^^^^^^^^^^^^^^^^^^
psycopg2.errors.UniqueViolation: duplicate key value violates unique constraint "auth_user_username_key"
DETAIL:  Key (username)=(vijay@example.com) already exists.


The above exception was the direct cause of the following exception:

Traceback (most recent call last):
  File "/media/vijaipatange/New Volume/conference_ai/venv/lib/python3.12/site-packages/django/core/handlers/exception.py", line 55, in inner
    response = get_response(request)
               ^^^^^^^^^^^^^^^^^^^^^
  File "/media/vijaipatange/New Volume/conference_ai/venv/lib/python3.12/site-packages/django/core/handlers/base.py", line 198, in _get_response
    response = wrapped_callback(request, *callback_args, **callback_kwargs)
               ^^^^^^^^^^^^^^^^^^^^^^^^^^^^^^^^^^^^^^^^^^^^^^^^^^^^^^^^^^^^
  File "/media/vijaipatange/New Volume/conference_ai/venv/lib/python3.12/site-packages/django/views/decorators/csrf.py", line 65, in _view_wrapper
    return view_func(request, *args, **kwargs)
           ^^^^^^^^^^^^^^^^^^^^^^^^^^^^^^^^^^^
  File "/media/vijaipatange/New Volume/conference_ai/venv/lib/python3.12/site-packages/rest_framework/viewsets.py", line 125, in view
    return self.dispatch(request, *args, **kwargs)
           ^^^^^^^^^^^^^^^^^^^^^^^^^^^^^^^^^^^^^^^
  File "/media/vijaipatange/New Volume/conference_ai/venv/lib/python3.12/site-packages/rest_framework/views.py", line 515, in dispatch
    response = self.handle_exception(exc)
               ^^^^^^^^^^^^^^^^^^^^^^^^^^
  File "/media/vijaipatange/New Volume/conference_ai/venv/lib/python3.12/site-packages/rest_framework/views.py", line 475, in handle_exception
    self.raise_uncaught_exception(exc)
  File "/media/vijaipatange/New Volume/conference_ai/venv/lib/python3.12/site-packages/rest_framework/views.py", line 486, in raise_uncaught_exception
    raise exc
  File "/media/vijaipatange/New Volume/conference_ai/venv/lib/python3.12/site-packages/rest_framework/views.py", line 512, in dispatch
    response = handler(request, *args, **kwargs)
               ^^^^^^^^^^^^^^^^^^^^^^^^^^^^^^^^^
  File "/media/vijaipatange/New Volume/conference_ai/events/views.py", line 127, in join
    attendee = serializer.save()
               ^^^^^^^^^^^^^^^^^
  File "/media/vijaipatange/New Volume/conference_ai/venv/lib/python3.12/site-packages/rest_framework/serializers.py", line 210, in save
    self.instance = self.create(validated_data)
                    ^^^^^^^^^^^^^^^^^^^^^^^^^^^
  File "/media/vijaipatange/New Volume/conference_ai/attendees/serializers.py", line 63, in create
    user = User.objects.create_user(
           ^^^^^^^^^^^^^^^^^^^^^^^^^
  File "/media/vijaipatange/New Volume/conference_ai/venv/lib/python3.12/site-packages/django/contrib/auth/models.py", line 175, in create_user
    return self._create_user(username, email, password, **extra_fields)
           ^^^^^^^^^^^^^^^^^^^^^^^^^^^^^^^^^^^^^^^^^^^^^^^^^^^^^^^^^^^^
  File "/media/vijaipatange/New Volume/conference_ai/venv/lib/python3.12/site-packages/django/contrib/auth/models.py", line 163, in _create_user
    user.save(using=self._db)
  File "/media/vijaipatange/New Volume/conference_ai/venv/lib/python3.12/site-packages/django/contrib/auth/base_user.py", line 62, in save
    super().save(**kwargs)
  File "/media/vijaipatange/New Volume/conference_ai/venv/lib/python3.12/site-packages/django/db/models/base.py", line 874, in save
    self.save_base(
  File "/media/vijaipatange/New Volume/conference_ai/venv/lib/python3.12/site-packages/django/db/models/base.py", line 966, in save_base
    updated = self._save_table(
              ^^^^^^^^^^^^^^^^^
  File "/media/vijaipatange/New Volume/conference_ai/venv/lib/python3.12/site-packages/django/db/models/base.py", line 1169, in _save_table
    results = self._do_insert(
              ^^^^^^^^^^^^^^^^
  File "/media/vijaipatange/New Volume/conference_ai/venv/lib/python3.12/site-packages/django/db/models/base.py", line 1220, in _do_insert
    return manager._insert(
           ^^^^^^^^^^^^^^^^
  File "/media/vijaipatange/New Volume/conference_ai/venv/lib/python3.12/site-packages/django/db/models/manager.py", line 87, in manager_method
    return getattr(self.get_queryset(), name)(*args, **kwargs)
           ^^^^^^^^^^^^^^^^^^^^^^^^^^^^^^^^^^^^^^^^^^^^^^^^^^^
  File "/media/vijaipatange/New Volume/conference_ai/venv/lib/python3.12/site-packages/django/db/models/query.py", line 1918, in _insert
    return query.get_compiler(using=using).execute_sql(returning_fields)
           ^^^^^^^^^^^^^^^^^^^^^^^^^^^^^^^^^^^^^^^^^^^^^^^^^^^^^^^^^^^^^
  File "/media/vijaipatange/New Volume/conference_ai/venv/lib/python3.12/site-packages/django/db/models/sql/compiler.py", line 1925, in execute_sql
    cursor.execute(sql, params)
  File "/media/vijaipatange/New Volume/conference_ai/venv/lib/python3.12/site-packages/django/db/backends/utils.py", line 122, in execute
    return super().execute(sql, params)
           ^^^^^^^^^^^^^^^^^^^^^^^^^^^^
  File "/media/vijaipatange/New Volume/conference_ai/venv/lib/python3.12/site-packages/django/db/backends/utils.py", line 79, in execute
    return self._execute_with_wrappers(
           ^^^^^^^^^^^^^^^^^^^^^^^^^^^^
  File "/media/vijaipatange/New Volume/conference_ai/venv/lib/python3.12/site-packages/django/db/backends/utils.py", line 92, in _execute_with_wrappers
    return executor(sql, params, many, context)
           ^^^^^^^^^^^^^^^^^^^^^^^^^^^^^^^^^^^^
  File "/media/vijaipatange/New Volume/conference_ai/venv/lib/python3.12/site-packages/django/db/backends/utils.py", line 100, in _execute
    with self.db.wrap_database_errors:
  File "/media/vijaipatange/New Volume/conference_ai/venv/lib/python3.12/site-packages/django/db/utils.py", line 94, in __exit__
    raise dj_exc_value.with_traceback(traceback) from exc_value
  File "/media/vijaipatange/New Volume/conference_ai/venv/lib/python3.12/site-packages/django/db/backends/utils.py", line 105, in _execute
    return self.cursor.execute(sql, params)
           ^^^^^^^^^^^^^^^^^^^^^^^^^^^^^^^^
django.db.utils.IntegrityError: duplicate key value violates unique constraint "auth_user_username_key"
DETAIL:  Key (username)=(vijay@example.com) already exists.

ERROR 2026-02-23 09:53:45,404 log 22999 138295564924608 "POST /api/events/join/ HTTP/1.1" 500 207842
INFO 2026-02-23 09:54:34,304 autoreload 23824 125687165714752 Watching for file changes with StatReloader
INFO 2026-02-23 09:55:32,284 signals 23824 125685876934336 Generating embedding for attendee vijay1@example.com
INFO 2026-02-23 09:55:33,650 services 23824 125685876934336 InsightFace model loaded successfully
INFO 2026-02-23 09:55:34,390 services 23824 125685876934336 Generated embedding for /media/vijaipatange/New Volume/conference_ai/media/selfies/selfie_h6WqWS4.jpeg
INFO 2026-02-23 09:55:34,435 signals 23824 125685876934336 Embedding saved for attendee vijay1@example.com
INFO 2026-02-23 09:55:34,437 log 23824 125685876934336 "POST /api/events/join/ HTTP/1.1" 201 228
INFO 2026-02-23 09:56:19,331 log 23824 125685586294464 "GET /api/attendees/1/ HTTP/1.1" 200 278
WARNING 2026-02-23 09:56:19,761 log 23824 125685586294464 Not Found: /favicon.ico
WARNING 2026-02-23 09:56:19,761 log 23824 125685586294464 "GET /favicon.ico HTTP/1.1" 404 2853
INFO 2026-02-23 09:56:26,343 log 23824 125685586294464 "GET /api/attendees/4/ HTTP/1.1" 200 253
INFO 2026-02-23 09:57:49,116 signals 23824 125685586294464 Queueing async processing for EventImage 2 (event=4)
INFO 2026-02-23 09:57:49,840 tasks 23185 138540512465024 Starting complete processing for EventImage 2
INFO 2026-02-23 09:57:49,841 face_processor 23185 138540512465024 Processing event image 2 from event 4
INFO 2026-02-23 09:57:49,864 log 23824 125685586294464 "POST /api/events/4/upload_image/ HTTP/1.1" 201 163
INFO 2026-02-23 09:57:51,241 services 23185 138540512465024 InsightFace model loaded successfully
INFO 2026-02-23 09:57:53,015 services 23185 138540512465024 Detected 6 faces in /media/vijaipatange/New Volume/conference_ai/media/event_images/group_photo1.jpeg
DEBUG 2026-02-23 09:57:53,020 face_processor 23185 138540512465024 Similarity between detected face and attendee vijay1@example.com: 0.7296
INFO 2026-02-23 09:57:53,020 face_processor 23185 138540512465024 Face matched to attendee vijay1@example.com (similarity: 0.7296)
DEBUG 2026-02-23 09:57:53,068 face_processor 23185 138540512465024 Similarity between detected face and attendee vijay1@example.com: 0.0797
INFO 2026-02-23 09:57:53,068 face_processor 23185 138540512465024 No match found (best similarity: 0.0797 < 0.6)
DEBUG 2026-02-23 09:57:53,072 face_processor 23185 138540512465024 Similarity between detected face and attendee vijay1@example.com: -0.0421
INFO 2026-02-23 09:57:53,073 face_processor 23185 138540512465024 No attendees to compare against
DEBUG 2026-02-23 09:57:53,077 face_processor 23185 138540512465024 Similarity between detected face and attendee vijay1@example.com: -0.0217
INFO 2026-02-23 09:57:53,077 face_processor 23185 138540512465024 No attendees to compare against
DEBUG 2026-02-23 09:57:53,081 face_processor 23185 138540512465024 Similarity between detected face and attendee vijay1@example.com: 0.0305
INFO 2026-02-23 09:57:53,081 face_processor 23185 138540512465024 No match found (best similarity: 0.0305 < 0.6)
DEBUG 2026-02-23 09:57:53,092 face_processor 23185 138540512465024 Similarity between detected face and attendee vijay1@example.com: 0.0472
INFO 2026-02-23 09:57:53,092 face_processor 23185 138540512465024 No match found (best similarity: 0.0472 < 0.6)
INFO 2026-02-23 09:57:53,094 face_processor 23185 138540512465024 Created 6 DetectedFace records from 6 faces in event image 2
INFO 2026-02-23 09:57:53,094 tasks 23185 138540512465024 Detected 6 faces
DEBUG 2026-02-23 09:57:53,098 services 23185 138540512465024 Fewer than 2 matched attendees in image 2, no interactions to process
INFO 2026-02-23 09:57:53,098 tasks 23185 138540512465024 Created 0 interaction pairs
INFO 2026-02-23 09:57:53,098 tasks 23185 138540512465024 Completed full processing for EventImage 2
INFO 2026-02-23 09:58:20,056 signals 23824 125685586294464 Queueing async processing for EventImage 3 (event=4)
INFO 2026-02-23 09:58:20,066 log 23824 125685586294464 "POST /api/events/4/upload_image/ HTTP/1.1" 201 162
INFO 2026-02-23 09:58:20,087 tasks 23185 138540512465024 Starting complete processing for EventImage 3
INFO 2026-02-23 09:58:20,089 face_processor 23185 138540512465024 Processing event image 3 from event 4
INFO 2026-02-23 09:58:22,158 services 23185 138540512465024 Detected 6 faces in /media/vijaipatange/New Volume/conference_ai/media/event_images/group_photo.jpeg
DEBUG 2026-02-23 09:58:22,168 face_processor 23185 138540512465024 Similarity between detected face and attendee vijay1@example.com: 0.0568
INFO 2026-02-23 09:58:22,170 face_processor 23185 138540512465024 No match found (best similarity: 0.0568 < 0.6)
DEBUG 2026-02-23 09:58:22,187 face_processor 23185 138540512465024 Similarity between detected face and attendee vijay1@example.com: 0.7038
INFO 2026-02-23 09:58:22,189 face_processor 23185 138540512465024 Face matched to attendee vijay1@example.com (similarity: 0.7038)
DEBUG 2026-02-23 09:58:22,198 face_processor 23185 138540512465024 Similarity between detected face and attendee vijay1@example.com: -0.0011
INFO 2026-02-23 09:58:22,198 face_processor 23185 138540512465024 No attendees to compare against
DEBUG 2026-02-23 09:58:22,208 face_processor 23185 138540512465024 Similarity between detected face and attendee vijay1@example.com: -0.0376
INFO 2026-02-23 09:58:22,208 face_processor 23185 138540512465024 No attendees to compare against
DEBUG 2026-02-23 09:58:22,218 face_processor 23185 138540512465024 Similarity between detected face and attendee vijay1@example.com: 0.0801
INFO 2026-02-23 09:58:22,219 face_processor 23185 138540512465024 No match found (best similarity: 0.0801 < 0.6)
DEBUG 2026-02-23 09:58:22,230 face_processor 23185 138540512465024 Similarity between detected face and attendee vijay1@example.com: 0.0245
INFO 2026-02-23 09:58:22,230 face_processor 23185 138540512465024 No match found (best similarity: 0.0245 < 0.6)
INFO 2026-02-23 09:58:22,233 face_processor 23185 138540512465024 Created 6 DetectedFace records from 6 faces in event image 3
INFO 2026-02-23 09:58:22,234 tasks 23185 138540512465024 Detected 6 faces
DEBUG 2026-02-23 09:58:22,239 services 23185 138540512465024 Fewer than 2 matched attendees in image 3, no interactions to process
INFO 2026-02-23 09:58:22,240 tasks 23185 138540512465024 Created 0 interaction pairs
INFO 2026-02-23 09:58:22,240 tasks 23185 138540512465024 Completed full processing for EventImage 3
INFO 2026-02-23 10:00:28,314 signals 23824 125685472425664 Queueing async processing for EventImage 4 (event=4)
INFO 2026-02-23 10:00:28,333 log 23824 125685472425664 "POST /api/events/4/upload_image/ HTTP/1.1" 201 153
INFO 2026-02-23 10:00:28,351 tasks 23185 138540512465024 Starting complete processing for EventImage 4
INFO 2026-02-23 10:00:28,353 face_processor 23185 138540512465024 Processing event image 4 from event 4
INFO 2026-02-23 10:00:30,347 services 23185 138540512465024 Detected 6 faces in /media/vijaipatange/New Volume/conference_ai/media/event_images/ggp.jpg
DEBUG 2026-02-23 10:00:30,353 face_processor 23185 138540512465024 Similarity between detected face and attendee vijay1@example.com: -0.0560
INFO 2026-02-23 10:00:30,353 face_processor 23185 138540512465024 No attendees to compare against
DEBUG 2026-02-23 10:00:30,402 face_processor 23185 138540512465024 Similarity between detected face and attendee vijay1@example.com: 0.0028
INFO 2026-02-23 10:00:30,403 face_processor 23185 138540512465024 No match found (best similarity: 0.0028 < 0.6)
DEBUG 2026-02-23 10:00:30,411 face_processor 23185 138540512465024 Similarity between detected face and attendee vijay1@example.com: -0.0572
INFO 2026-02-23 10:00:30,411 face_processor 23185 138540512465024 No attendees to compare against
DEBUG 2026-02-23 10:00:30,418 face_processor 23185 138540512465024 Similarity between detected face and attendee vijay1@example.com: -0.0205
INFO 2026-02-23 10:00:30,418 face_processor 23185 138540512465024 No attendees to compare against
DEBUG 2026-02-23 10:00:30,427 face_processor 23185 138540512465024 Similarity between detected face and attendee vijay1@example.com: -0.0715
INFO 2026-02-23 10:00:30,427 face_processor 23185 138540512465024 No attendees to compare against
DEBUG 2026-02-23 10:00:30,433 face_processor 23185 138540512465024 Similarity between detected face and attendee vijay1@example.com: -0.0314
INFO 2026-02-23 10:00:30,434 face_processor 23185 138540512465024 No attendees to compare against
INFO 2026-02-23 10:00:30,436 face_processor 23185 138540512465024 Created 6 DetectedFace records from 6 faces in event image 4
INFO 2026-02-23 10:00:30,436 tasks 23185 138540512465024 Detected 6 faces
DEBUG 2026-02-23 10:00:30,439 services 23185 138540512465024 Fewer than 2 matched attendees in image 4, no interactions to process
INFO 2026-02-23 10:00:30,439 tasks 23185 138540512465024 Created 0 interaction pairs
INFO 2026-02-23 10:00:30,439 tasks 23185 138540512465024 Completed full processing for EventImage 4
INFO 2026-02-23 10:08:08,117 signals 23824 125685464032960 Queueing async processing for EventImage 5 (event=4)
INFO 2026-02-23 10:08:08,136 log 23824 125685464032960 "POST /api/events/4/upload_image/ HTTP/1.1" 201 161
INFO 2026-02-23 10:08:08,153 tasks 23185 138540512465024 Starting complete processing for EventImage 5
INFO 2026-02-23 10:08:08,155 face_processor 23185 138540512465024 Processing event image 5 from event 4
INFO 2026-02-23 10:08:10,169 services 23185 138540512465024 Detected 6 faces in /media/vijaipatange/New Volume/conference_ai/media/event_images/ggp_eM5wwwK.jpg
DEBUG 2026-02-23 10:08:10,172 face_processor 23185 138540512465024 Similarity between detected face and attendee vijay1@example.com: -0.0560
INFO 2026-02-23 10:08:10,173 face_processor 23185 138540512465024 No attendees to compare against
DEBUG 2026-02-23 10:08:10,219 face_processor 23185 138540512465024 Similarity between detected face and attendee vijay1@example.com: 0.0028
INFO 2026-02-23 10:08:10,219 face_processor 23185 138540512465024 No match found (best similarity: 0.0028 < 0.6)
DEBUG 2026-02-23 10:08:10,223 face_processor 23185 138540512465024 Similarity between detected face and attendee vijay1@example.com: -0.0572
INFO 2026-02-23 10:08:10,223 face_processor 23185 138540512465024 No attendees to compare against
DEBUG 2026-02-23 10:08:10,227 face_processor 23185 138540512465024 Similarity between detected face and attendee vijay1@example.com: -0.0205
INFO 2026-02-23 10:08:10,227 face_processor 23185 138540512465024 No attendees to compare against
DEBUG 2026-02-23 10:08:10,231 face_processor 23185 138540512465024 Similarity between detected face and attendee vijay1@example.com: -0.0715
INFO 2026-02-23 10:08:10,231 face_processor 23185 138540512465024 No attendees to compare against
DEBUG 2026-02-23 10:08:10,235 face_processor 23185 138540512465024 Similarity between detected face and attendee vijay1@example.com: -0.0314
INFO 2026-02-23 10:08:10,236 face_processor 23185 138540512465024 No attendees to compare against
INFO 2026-02-23 10:08:10,242 face_processor 23185 138540512465024 Created 6 DetectedFace records from 6 faces in event image 5
INFO 2026-02-23 10:08:10,242 tasks 23185 138540512465024 Detected 6 faces
DEBUG 2026-02-23 10:08:10,244 services 23185 138540512465024 Fewer than 2 matched attendees in image 5, no interactions to process
INFO 2026-02-23 10:08:10,244 tasks 23185 138540512465024 Created 0 interaction pairs
INFO 2026-02-23 10:08:10,244 tasks 23185 138540512465024 Completed full processing for EventImage 5
INFO 2026-02-23 10:10:46,049 autoreload 23824 125687165714752 /media/vijaipatange/New Volume/conference_ai/recognition/serializers.py changed, reloading.
INFO 2026-02-23 10:10:48,455 autoreload 25882 123574266351936 Watching for file changes with StatReloader
INFO 2026-02-23 10:11:15,647 log 25882 123572975929024 "GET /api/events/4/images/ HTTP/1.1" 200 244424
INFO 2026-02-23 10:12:07,680 autoreload 25882 123574266351936 /media/vijaipatange/New Volume/conference_ai/recognition/serializers.py changed, reloading.
INFO 2026-02-23 10:12:10,219 autoreload 25985 125025030181184 Watching for file changes with StatReloader
INFO 2026-02-23 10:12:17,159 signals 25985 125023741167296 Queueing async processing for EventImage 6 (event=4)
INFO 2026-02-23 10:12:17,247 log 25985 125023741167296 "POST /api/events/4/upload_image/ HTTP/1.1" 201 273
INFO 2026-02-23 10:12:17,275 tasks 25788 133192870690944 Starting complete processing for EventImage 6
INFO 2026-02-23 10:12:17,277 face_processor 25788 133192870690944 Processing event image 6 from event 4
INFO 2026-02-23 10:12:18,626 services 25788 133192870690944 InsightFace model loaded successfully
INFO 2026-02-23 10:12:20,410 services 25788 133192870690944 Detected 6 faces in /media/vijaipatange/New Volume/conference_ai/media/event_images/ggp_xqZ9y2D.jpg
DEBUG 2026-02-23 10:12:20,415 face_processor 25788 133192870690944 Similarity between detected face and attendee vijay1@example.com: -0.0560
INFO 2026-02-23 10:12:20,415 face_processor 25788 133192870690944 No attendees to compare against
DEBUG 2026-02-23 10:12:20,463 face_processor 25788 133192870690944 Similarity between detected face and attendee vijay1@example.com: 0.0028
INFO 2026-02-23 10:12:20,463 face_processor 25788 133192870690944 No match found (best similarity: 0.0028 < 0.6)
DEBUG 2026-02-23 10:12:20,468 face_processor 25788 133192870690944 Similarity between detected face and attendee vijay1@example.com: -0.0572
INFO 2026-02-23 10:12:20,468 face_processor 25788 133192870690944 No attendees to compare against
DEBUG 2026-02-23 10:12:20,472 face_processor 25788 133192870690944 Similarity between detected face and attendee vijay1@example.com: -0.0205
INFO 2026-02-23 10:12:20,472 face_processor 25788 133192870690944 No attendees to compare against
DEBUG 2026-02-23 10:12:20,476 face_processor 25788 133192870690944 Similarity between detected face and attendee vijay1@example.com: -0.0715
INFO 2026-02-23 10:12:20,476 face_processor 25788 133192870690944 No attendees to compare against
DEBUG 2026-02-23 10:12:20,480 face_processor 25788 133192870690944 Similarity between detected face and attendee vijay1@example.com: -0.0314
INFO 2026-02-23 10:12:20,480 face_processor 25788 133192870690944 No attendees to compare against
INFO 2026-02-23 10:12:20,485 face_processor 25788 133192870690944 Created 6 DetectedFace records from 6 faces in event image 6
INFO 2026-02-23 10:12:20,485 tasks 25788 133192870690944 Detected 6 faces
DEBUG 2026-02-23 10:12:20,488 services 25788 133192870690944 Fewer than 2 matched attendees in image 6, no interactions to process
INFO 2026-02-23 10:12:20,488 tasks 25788 133192870690944 Created 0 interaction pairs
INFO 2026-02-23 10:12:20,488 tasks 25788 133192870690944 Completed full processing for EventImage 6
WARNING 2026-02-23 10:13:18,410 log 25985 125023719007936 Not Found: /api/events/detected-faces/4/
WARNING 2026-02-23 10:13:18,410 log 25985 125023719007936 "GET /api/events/detected-faces/4/ HTTP/1.1" 404 13091
INFO 2026-02-23 10:13:33,261 log 25985 125023719007936 "GET /api/detected-faces/4/ HTTP/1.1" 200 10379
INFO 2026-02-23 10:13:52,553 log 25985 125023719007936 "GET /api/detected-faces/stats/ HTTP/1.1" 200 449
WARNING 2026-02-23 10:15:49,834 log 25985 125023710615232 Not Found: /api/interactions/top-combinations/
WARNING 2026-02-23 10:15:49,834 log 25985 125023710615232 "GET /api/interactions/top-combinations/?event_id=4&limit=10 HTTP/1.1" 404 23
WARNING 2026-02-23 10:23:09,619 log 25985 125023702222528 Not Found: /api/interactions/top-combinations/
WARNING 2026-02-23 10:23:09,620 log 25985 125023702222528 "GET /api/interactions/top-combinations/?event_id=4&limit=10 HTTP/1.1" 404 23
WARNING 2026-02-23 10:23:46,773 log 25985 125023702222528 Not Found: /api/interactions/my-connections/
WARNING 2026-02-23 10:23:46,773 log 25985 125023702222528 "GET /api/interactions/my-connections/?attendee_id=6&event_id=4 HTTP/1.1" 404 23
INFO 2026-02-23 10:24:24,717 autoreload 25985 125025030181184 /media/vijaipatange/New Volume/conference_ai/interactions/views.py changed, reloading.
INFO 2026-02-23 10:24:27,103 autoreload 26807 128483306340672 Watching for file changes with StatReloader
INFO 2026-02-23 10:24:29,596 autoreload 26807 128483306340672 /media/vijaipatange/New Volume/conference_ai/interactions/views.py changed, reloading.
INFO 2026-02-23 10:24:32,251 autoreload 26839 135462188044608 Watching for file changes with StatReloader
INFO 2026-02-23 10:24:37,804 autoreload 26839 135462188044608 /media/vijaipatange/New Volume/conference_ai/interactions/views.py changed, reloading.
INFO 2026-02-23 10:24:40,176 autoreload 26893 124915463700800 Watching for file changes with StatReloader
INFO 2026-02-23 10:24:51,829 autoreload 26893 124915463700800 /media/vijaipatange/New Volume/conference_ai/interactions/views.py changed, reloading.
INFO 2026-02-23 10:24:54,019 autoreload 26947 136650429428032 Watching for file changes with StatReloader
WARNING 2026-02-23 10:24:59,587 log 26947 136649139570368 Not Found: /api/interactions/my-connections/
WARNING 2026-02-23 10:24:59,587 log 26947 136649139570368 "GET /api/interactions/my-connections/?attendee_id=6&event_id=4 HTTP/1.1" 404 23
WARNING 2026-02-23 10:25:19,623 log 26947 136649139570368 Not Found: /api/interactions/top-combinations/
WARNING 2026-02-23 10:25:19,623 log 26947 136649139570368 "GET /api/interactions/top-combinations/?event_id=4&limit=10 HTTP/1.1" 404 23
INFO 2026-02-23 10:25:37,510 log 26947 136649129080512 "GET /api/interactions/ HTTP/1.1" 200 272
WARNING 2026-02-23 10:25:46,938 log 26947 136649129080512 Not Found: /api/interactions/top-combinations/
WARNING 2026-02-23 10:25:46,938 log 26947 136649129080512 "GET /api/interactions/top-combinations/?event_id=4 HTTP/1.1" 404 23
INFO 2026-02-23 10:26:04,417 log 26947 136649129080512 "GET /api/interactions/top_combinations/?event_id=4 HTTP/1.1" 200 222
INFO 2026-02-23 10:26:25,406 autoreload 26947 136650429428032 /media/vijaipatange/New Volume/conference_ai/conference_ai/urls.py changed, reloading.
INFO 2026-02-23 10:26:27,590 autoreload 27271 130728287199552 Watching for file changes with StatReloader
INFO 2026-02-23 10:26:35,027 autoreload 27271 130728287199552 /media/vijaipatange/New Volume/conference_ai/interactions/views.py changed, reloading.
INFO 2026-02-23 10:26:37,265 autoreload 27329 136614107300160 Watching for file changes with StatReloader
INFO 2026-02-23 10:26:39,725 autoreload 27329 136614107300160 /media/vijaipatange/New Volume/conference_ai/interactions/views.py changed, reloading.
INFO 2026-02-23 10:26:42,371 autoreload 27361 123474984292672 Watching for file changes with StatReloader
INFO 2026-02-23 10:26:47,854 autoreload 27361 123474984292672 /media/vijaipatange/New Volume/conference_ai/interactions/views.py changed, reloading.
INFO 2026-02-23 10:26:50,395 autoreload 27411 134402138739008 Watching for file changes with StatReloader
INFO 2026-02-23 10:26:53,882 autoreload 27411 134402138739008 /media/vijaipatange/New Volume/conference_ai/interactions/views.py changed, reloading.
INFO 2026-02-23 10:26:56,170 autoreload 27443 138291964596544 Watching for file changes with StatReloader
INFO 2026-02-23 10:27:00,792 autoreload 27443 138291964596544 /media/vijaipatange/New Volume/conference_ai/conference_ai/urls.py changed, reloading.
INFO 2026-02-23 10:27:02,772 autoreload 27478 136757604094272 Watching for file changes with StatReloader
INFO 2026-02-23 10:27:05,317 log 27478 136756314654400 "GET /api/interactions/top_combinations/?event_id=4&limit=10 HTTP/1.1" 200 222
INFO 2026-04-27 18:14:06,508 autoreload 87571 130007836913984 Watching for file changes with StatReloader
INFO 2026-04-27 18:14:21,469 basehttp 87571 130007062013632 "GET /api/events/ HTTP/1.1" 200 538
INFO 2026-04-27 18:14:21,522 basehttp 87571 130006982325952 "GET /api/attendees/ HTTP/1.1" 200 1995
WARNING 2026-04-27 18:20:01,184 log 87571 130006982325952 Bad Request: /api/events/join/
WARNING 2026-04-27 18:20:01,184 basehttp 87571 130006982325952 "POST /api/events/join/ HTTP/1.1" 400 47
INFO 2026-04-27 18:20:10,700 basehttp 87571 130006982325952 "GET /api/events/ HTTP/1.1" 200 538
INFO 2026-04-27 18:20:10,707 basehttp 87571 130007062013632 "GET /api/attendees/ HTTP/1.1" 200 1995
WARNING 2026-04-27 18:20:23,797 log 87571 130007062013632 Bad Request: /api/events/join/
WARNING 2026-04-27 18:20:23,797 basehttp 87571 130007062013632 "POST /api/events/join/ HTTP/1.1" 400 47
INFO 2026-04-27 18:20:36,993 basehttp 87571 130007062013632 "GET /api/events/ HTTP/1.1" 200 538
INFO 2026-04-27 18:20:36,999 basehttp 87571 130006982325952 "GET /api/attendees/ HTTP/1.1" 200 1995
INFO 2026-04-27 18:21:19,926 signals 87571 130006982325952 Generating embedding for attendee asdf@asaf.com
INFO 2026-04-27 18:21:37,763 services 87571 130006982325952 InsightFace model loaded successfully
INFO 2026-04-27 18:21:39,910 services 87571 130006982325952 Generated embedding for /mnt/projects/conference_ai/media/selfies/ggp.jpg
INFO 2026-04-27 18:21:39,956 signals 87571 130006982325952 Embedding saved for attendee asdf@asaf.com
INFO 2026-04-27 18:21:39,957 basehttp 87571 130006982325952 "POST /api/events/join/ HTTP/1.1" 201 206
WARNING 2026-04-27 18:21:41,962 log 87571 130006982325952 Not Found: /api/attendees/12/
WARNING 2026-04-27 18:21:41,963 basehttp 87571 130006982325952 "GET /api/attendees/12/ HTTP/1.1" 404 23
WARNING 2026-04-27 18:21:47,349 log 87571 130006982325952 Not Found: /api/attendees/12/
WARNING 2026-04-27 18:21:47,350 basehttp 87571 130006982325952 "GET /api/attendees/12/ HTTP/1.1" 404 23
INFO 2026-04-28 13:07:00,145 autoreload 124117 127770397339968 Watching for file changes with StatReloader
INFO 2026-04-28 13:07:08,241 basehttp 124117 127769623127744 "GET /api/events/ HTTP/1.1" 200 538
INFO 2026-04-28 13:07:08,271 basehttp 124117 127769614735040 "GET /api/attendees/ HTTP/1.1" 200 2223
INFO 2026-04-28 13:07:08,304 basehttp 124117 127769623127744 "GET /api/events/ HTTP/1.1" 200 538
INFO 2026-04-28 13:07:08,309 basehttp 124117 127769606342336 "GET /api/detected-faces/stats/ HTTP/1.1" 200 449
INFO 2026-04-28 13:07:08,318 basehttp 124117 127769614735040 "GET /api/attendees/ HTTP/1.1" 200 2223
INFO 2026-04-28 13:07:08,403 basehttp 124117 127769614735040 "GET /api/events/4/ HTTP/1.1" 200 131
INFO 2026-04-28 13:07:08,459 basehttp 124117 127769597949632 "GET /api/interactions/top_combinations/?event_id=4&limit=10 HTTP/1.1" 200 222
INFO 2026-04-28 13:07:08,472 basehttp 124117 127769606342336 "GET /api/detected-faces/stats/ HTTP/1.1" 200 449
INFO 2026-04-28 13:07:08,516 basehttp 124117 127769623127744 "GET /api/events/4/images/ HTTP/1.1" 200 305285
INFO 2026-04-28 13:07:10,667 basehttp 124117 127769606342336 "GET /api/attendees/ HTTP/1.1" 200 2223
INFO 2026-04-28 13:07:10,675 basehttp 124117 127769623127744 "GET /api/events/ HTTP/1.1" 200 538
INFO 2026-04-28 13:07:10,735 basehttp 124117 127769597949632 "GET /api/detected-faces/stats/ HTTP/1.1" 200 449
INFO 2026-04-28 13:07:10,735 basehttp 124117 127769606342336 "GET /api/events/ HTTP/1.1" 200 538
INFO 2026-04-28 13:07:10,743 basehttp 124117 127769623127744 "GET /api/attendees/ HTTP/1.1" 200 2223
INFO 2026-04-28 13:07:10,816 basehttp 124117 127769623127744 "GET /api/detected-faces/stats/ HTTP/1.1" 200 449
INFO 2026-04-28 13:07:10,891 basehttp 124117 127769623127744 "GET /api/events/4/ HTTP/1.1" 200 131
INFO 2026-04-28 13:07:10,910 basehttp 124117 127769597949632 "GET /api/interactions/top_combinations/?event_id=4&limit=10 HTTP/1.1" 200 222
INFO 2026-04-28 13:07:10,979 basehttp 124117 127769606342336 "GET /api/events/4/images/ HTTP/1.1" 200 305285
INFO 2026-04-28 13:08:29,422 basehttp 124117 127769606342336 "GET /api/events/ HTTP/1.1" 200 538
INFO 2026-04-28 13:08:29,429 basehttp 124117 127769597949632 "GET /api/attendees/ HTTP/1.1" 200 2223
INFO 2026-04-28 13:08:29,470 basehttp 124117 127769623127744 "GET /api/detected-faces/stats/ HTTP/1.1" 200 449
INFO 2026-04-28 13:08:29,476 basehttp 124117 127769606342336 "GET /api/events/ HTTP/1.1" 200 538
INFO 2026-04-28 13:08:29,482 basehttp 124117 127769597949632 "GET /api/attendees/ HTTP/1.1" 200 2223
INFO 2026-04-28 13:08:29,535 basehttp 124117 127769597949632 "GET /api/events/4/ HTTP/1.1" 200 131
INFO 2026-04-28 13:08:29,570 basehttp 124117 127769623127744 "GET /api/interactions/top_combinations/?event_id=4&limit=10 HTTP/1.1" 200 222
INFO 2026-04-28 13:08:29,593 basehttp 124117 127769614735040 "GET /api/detected-faces/stats/ HTTP/1.1" 200 449
INFO 2026-04-28 13:08:29,655 basehttp 124117 127769606342336 "GET /api/events/4/images/ HTTP/1.1" 200 305285
INFO 2026-05-26 04:49:05,947 autoreload 24129 129960167395648 Watching for file changes with StatReloader
INFO 2026-05-26 04:52:11,931 autoreload 24660 130947958239552 Watching for file changes with StatReloader
WARNING 2026-05-26 04:52:14,647 log 24660 130947110401728 Not Found: /
WARNING 2026-05-26 04:52:14,648 basehttp 24660 130947110401728 "GET / HTTP/1.1" 404 2532
WARNING 2026-05-26 04:52:14,975 log 24660 130947110401728 Not Found: /favicon.ico
WARNING 2026-05-26 04:52:14,975 basehttp 24660 130947110401728 "GET /favicon.ico HTTP/1.1" 404 2583
WARNING 2026-05-26 04:54:54,697 log 24660 130947110401728 Not Found: /
WARNING 2026-05-26 04:54:54,697 basehttp 24660 130947110401728 "GET / HTTP/1.1" 404 2532
WARNING 2026-05-26 04:55:22,157 log 24660 130947102009024 Not Found: /api//attendees/1/
WARNING 2026-05-26 04:55:22,158 basehttp 24660 130947102009024 "OPTIONS /api//attendees/1/ HTTP/1.1" 404 10380
WARNING 2026-05-26 04:55:22,161 log 24660 130947093616320 Not Found: /api//attendees/1/
WARNING 2026-05-26 04:55:22,161 basehttp 24660 130947093616320 "OPTIONS /api//attendees/1/ HTTP/1.1" 404 10380
WARNING 2026-05-26 04:55:23,114 log 24660 130947093616320 Not Found: /api//attendees/1/
WARNING 2026-05-26 04:55:23,117 basehttp 24660 130947093616320 "OPTIONS /api//attendees/1/ HTTP/1.1" 404 10380
WARNING 2026-05-26 04:55:23,122 log 24660 130947102009024 Not Found: /api//attendees/1/
WARNING 2026-05-26 04:55:23,123 basehttp 24660 130947102009024 "OPTIONS /api//attendees/1/ HTTP/1.1" 404 10380
WARNING 2026-05-26 04:55:25,440 log 24660 130947102009024 Not Found: /api//interactions/
WARNING 2026-05-26 04:55:25,453 basehttp 24660 130947102009024 "OPTIONS /api//interactions/?event_id=1 HTTP/1.1" 404 10394
WARNING 2026-05-26 04:55:25,463 log 24660 130947093616320 Not Found: /api//detected-faces/
WARNING 2026-05-26 04:55:25,470 log 24660 130947076830912 Not Found: /api//interactions/top_combinations/
WARNING 2026-05-26 04:55:25,476 log 24660 130947085223616 Not Found: /api//events/
WARNING 2026-05-26 04:55:25,477 basehttp 24660 130947093616320 "OPTIONS /api//detected-faces/ HTTP/1.1" 404 10389
WARNING 2026-05-26 04:55:25,480 basehttp 24660 130947076830912 "OPTIONS /api//interactions/top_combinations/?event_id=1&limit=5 HTTP/1.1" 404 10457
WARNING 2026-05-26 04:55:25,485 log 24660 130947102009024 Not Found: /api//events/
WARNING 2026-05-26 04:55:25,487 basehttp 24660 130947085223616 "OPTIONS /api//events/ HTTP/1.1" 404 10365
WARNING 2026-05-26 04:55:25,490 log 24660 130947068438208 Not Found: /api//interactions/
WARNING 2026-05-26 04:55:25,494 basehttp 24660 130947102009024 "OPTIONS /api//events/ HTTP/1.1" 404 10365
WARNING 2026-05-26 04:55:25,496 log 24660 130947060045504 Not Found: /api//detected-faces/
WARNING 2026-05-26 04:55:25,496 basehttp 24660 130947068438208 "OPTIONS /api//interactions/?event_id=1 HTTP/1.1" 404 10394
WARNING 2026-05-26 04:55:25,497 basehttp 24660 130947060045504 "OPTIONS /api//detected-faces/ HTTP/1.1" 404 10389
WARNING 2026-05-26 04:55:25,500 log 24660 130947093616320 Not Found: /api//interactions/top_combinations/
WARNING 2026-05-26 04:55:25,500 basehttp 24660 130947093616320 "OPTIONS /api//interactions/top_combinations/?event_id=1&limit=5 HTTP/1.1" 404 10457
WARNING 2026-05-26 04:55:29,578 log 24660 130947093616320 Not Found: /api//attendees/1/
WARNING 2026-05-26 04:55:29,581 log 24660 130947102009024 Not Found: /api//attendees/1/
WARNING 2026-05-26 04:55:29,582 basehttp 24660 130947093616320 "OPTIONS /api//attendees/1/ HTTP/1.1" 404 10380
WARNING 2026-05-26 04:55:29,584 basehttp 24660 130947102009024 "OPTIONS /api//attendees/1/ HTTP/1.1" 404 10380
WARNING 2026-05-26 04:55:30,261 log 24660 130947068438208 Not Found: /api//interactions/discovery_panel/
WARNING 2026-05-26 04:55:30,264 log 24660 130947060045504 Not Found: /api//interactions/my_connections/
WARNING 2026-05-26 04:55:30,267 log 24660 130947102009024 Not Found: /api//interactions/my_connections/
WARNING 2026-05-26 04:55:30,269 log 24660 130947093616320 Not Found: /api//interactions/discovery_panel/
WARNING 2026-05-26 04:55:30,270 basehttp 24660 130947068438208 "OPTIONS /api//interactions/discovery_panel/?username=john_doe&event_id=1 HTTP/1.1" 404 10464
WARNING 2026-05-26 04:55:30,270 basehttp 24660 130947060045504 "OPTIONS /api//interactions/my_connections/?attendee_id=5&event_id=1 HTTP/1.1" 404 10457
WARNING 2026-05-26 04:55:30,270 basehttp 24660 130947102009024 "OPTIONS /api//interactions/my_connections/?attendee_id=5&event_id=1 HTTP/1.1" 404 10457
WARNING 2026-05-26 04:55:30,271 basehttp 24660 130947093616320 "OPTIONS /api//interactions/discovery_panel/?username=john_doe&event_id=1 HTTP/1.1" 404 10464
WARNING 2026-05-26 04:55:33,905 log 24660 130947093616320 Not Found: /api//events/
WARNING 2026-05-26 04:55:33,913 basehttp 24660 130947093616320 "OPTIONS /api//events/ HTTP/1.1" 404 10365
WARNING 2026-05-26 04:55:33,933 log 24660 130947076830912 Not Found: /api//detected-faces/
WARNING 2026-05-26 04:55:33,934 basehttp 24660 130947076830912 "OPTIONS /api//detected-faces/ HTTP/1.1" 404 10389
WARNING 2026-05-26 04:55:33,941 log 24660 130947060045504 Not Found: /api//detected-faces/stats/
WARNING 2026-05-26 04:55:33,945 log 24660 130947085223616 Not Found: /api//detected-faces/stats/
WARNING 2026-05-26 04:55:33,949 log 24660 130947102009024 Not Found: /api//detected-faces/
WARNING 2026-05-26 04:55:33,949 basehttp 24660 130947060045504 "OPTIONS /api//detected-faces/stats/ HTTP/1.1" 404 10407
WARNING 2026-05-26 04:55:33,950 basehttp 24660 130947102009024 "OPTIONS /api//detected-faces/ HTTP/1.1" 404 10389
WARNING 2026-05-26 04:55:33,950 basehttp 24660 130947085223616 "OPTIONS /api//detected-faces/stats/ HTTP/1.1" 404 10407
WARNING 2026-05-26 04:55:33,953 log 24660 130947068438208 Not Found: /api//events/
WARNING 2026-05-26 04:55:33,957 basehttp 24660 130947068438208 "OPTIONS /api//events/ HTTP/1.1" 404 10365
WARNING 2026-05-26 04:55:35,087 log 24660 130947085223616 Not Found: /api//attendees/1/
WARNING 2026-05-26 04:55:35,089 log 24660 130947068438208 Not Found: /api//attendees/1/
WARNING 2026-05-26 04:55:35,090 basehttp 24660 130947068438208 "OPTIONS /api//attendees/1/ HTTP/1.1" 404 10380
WARNING 2026-05-26 04:55:35,090 basehttp 24660 130947085223616 "OPTIONS /api//attendees/1/ HTTP/1.1" 404 10380
INFO 2026-05-26 04:56:19,409 autoreload 25423 131770673705280 Watching for file changes with StatReloader
INFO 2026-05-26 04:57:05,111 basehttp 25423 131769898624704 "OPTIONS /api/attendees/1/ HTTP/1.1" 200 1177
INFO 2026-05-26 04:57:05,112 basehttp 25423 131769890232000 "OPTIONS /api/attendees/1/ HTTP/1.1" 200 1177
INFO 2026-05-26 04:57:06,251 basehttp 25423 131769890232000 "OPTIONS /api/attendees/1/ HTTP/1.1" 200 1177
INFO 2026-05-26 04:57:06,252 basehttp 25423 131769898624704 "OPTIONS /api/attendees/1/ HTTP/1.1" 200 1177
INFO 2026-05-26 05:00:40,134 basehttp 25423 131769898624704 "OPTIONS /api/attendees/1/ HTTP/1.1" 200 1177
INFO 2026-05-26 05:00:40,144 basehttp 25423 131769890232000 "OPTIONS /api/attendees/1/ HTTP/1.1" 200 1177
INFO 2026-05-26 05:03:21,131 basehttp 25423 131769898624704 "OPTIONS /api/attendees/1/ HTTP/1.1" 200 1177
INFO 2026-05-26 05:03:21,137 basehttp 25423 131769890232000 "OPTIONS /api/attendees/1/ HTTP/1.1" 200 1177
INFO 2026-05-26 05:04:23,602 basehttp 25423 131769898624704 "OPTIONS /api/attendees/1/ HTTP/1.1" 200 1177
INFO 2026-05-26 05:04:23,604 basehttp 25423 131769890232000 "OPTIONS /api/attendees/1/ HTTP/1.1" 200 1177
INFO 2026-05-26 05:04:27,682 basehttp 25423 131769898624704 "OPTIONS /api/attendees/1/ HTTP/1.1" 200 1177
INFO 2026-05-26 05:04:27,683 basehttp 25423 131769890232000 "OPTIONS /api/attendees/1/ HTTP/1.1" 200 1177
INFO 2026-05-26 05:04:42,614 basehttp 25423 131769890232000 "OPTIONS /api/attendees/1/ HTTP/1.1" 200 1177
INFO 2026-05-26 05:04:42,633 basehttp 25423 131769898624704 "OPTIONS /api/attendees/1/ HTTP/1.1" 200 1177
INFO 2026-05-26 05:05:19,886 basehttp 25423 131769890232000 "OPTIONS /api/attendees/1/ HTTP/1.1" 200 1177
INFO 2026-05-26 05:05:19,888 basehttp 25423 131769898624704 "OPTIONS /api/attendees/1/ HTTP/1.1" 200 1177
INFO 2026-05-26 05:05:26,573 basehttp 25423 131769898624704 "OPTIONS /api/attendees/1/ HTTP/1.1" 200 1177
INFO 2026-05-26 05:05:26,621 basehttp 25423 131769898624704 "OPTIONS /api/attendees/1/ HTTP/1.1" 200 1177
INFO 2026-05-26 05:05:35,924 basehttp 25423 131769898624704 "OPTIONS /api/attendees/56/ HTTP/1.1" 200 295
INFO 2026-05-26 05:05:35,932 basehttp 25423 131769890232000 "OPTIONS /api/attendees/56/ HTTP/1.1" 200 295
INFO 2026-05-26 05:10:00,473 basehttp 25423 131769890232000 "OPTIONS /api/attendees/1/ HTTP/1.1" 200 1177
INFO 2026-05-26 05:10:00,509 basehttp 25423 131769898624704 "OPTIONS /api/attendees/1/ HTTP/1.1" 200 1177
INFO 2026-05-26 05:29:50,721 autoreload 25423 131770673705280 /mnt/projects/conference_ai/attendees/views.py changed, reloading.
INFO 2026-05-26 05:29:55,138 autoreload 29648 124085339259200 Watching for file changes with StatReloader
INFO 2026-05-26 05:30:01,589 basehttp 29648 124084482467520 "OPTIONS /api/attendees/1/ HTTP/1.1" 200 1046
INFO 2026-05-26 05:30:01,591 basehttp 29648 124084490860224 "OPTIONS /api/attendees/1/ HTTP/1.1" 200 1046
INFO 2026-05-26 05:31:03,870 basehttp 29648 124084490860224 "OPTIONS /api/attendees/1/ HTTP/1.1" 200 1046
INFO 2026-05-26 05:31:03,896 basehttp 29648 124084482467520 "OPTIONS /api/attendees/1/ HTTP/1.1" 200 1046
INFO 2026-05-26 05:32:08,618 basehttp 29648 124084474074816 "GET /api/attendees/1/ HTTP/1.1" 200 304
INFO 2026-05-26 05:32:32,312 autoreload 29648 124085339259200 /mnt/projects/conference_ai/attendees/views.py changed, reloading.
INFO 2026-05-26 05:32:35,035 autoreload 30094 139457284251968 Watching for file changes with StatReloader
WARNING 2026-05-26 05:32:43,712 log 30094 139456442005184 Not Found: /api/attendees//
WARNING 2026-05-26 05:32:43,712 basehttp 30094 139456442005184 "GET /api/attendees// HTTP/1.1" 404 10370
INFO 2026-05-26 05:32:46,754 basehttp 30094 139456442005184 "GET /api/attendees/1/ HTTP/1.1" 200 304
INFO 2026-05-26 05:54:30,707 basehttp 30094 139456442005184 "OPTIONS /api/attendees/1/ HTTP/1.1" 200 1046
INFO 2026-05-26 05:54:30,737 basehttp 30094 139456432563904 "OPTIONS /api/attendees/1/ HTTP/1.1" 200 1046
INFO 2026-05-26 05:57:19,766 autoreload 30094 139457284251968 /mnt/projects/conference_ai/conference_ai/urls.py changed, reloading.
INFO 2026-05-26 05:57:22,373 autoreload 31747 138938936398144 Watching for file changes with StatReloader
INFO 2026-05-26 05:57:28,984 autoreload 31747 138938936398144 /mnt/projects/conference_ai/conference_ai/urls.py changed, reloading.
INFO 2026-05-26 05:57:30,949 autoreload 31808 125604544069952 Watching for file changes with StatReloader
INFO 2026-05-26 05:57:52,672 basehttp 31808 125603701323456 "GET /api/attendees/1/ HTTP/1.1" 200 304
INFO 2026-05-26 05:58:52,093 autoreload 31808 125604544069952 /mnt/projects/conference_ai/attendees/views.py changed, reloading.
INFO 2026-05-26 05:58:54,258 autoreload 32323 124303614533952 Watching for file changes with StatReloader
INFO 2026-05-26 05:58:57,420 basehttp 32323 124302840030912 "GET /api/attendees/1/ HTTP/1.1" 200 311
INFO 2026-05-26 06:00:47,447 basehttp 32323 124302830589632 "OPTIONS /api/attendees/1/ HTTP/1.1" 200 1046
INFO 2026-05-26 06:00:47,460 basehttp 32323 124302822196928 "OPTIONS /api/attendees/1/ HTTP/1.1" 200 1046
INFO 2026-05-26 06:00:48,737 basehttp 32323 124302822196928 "OPTIONS /api/attendees/1/ HTTP/1.1" 200 1046
INFO 2026-05-26 06:00:48,765 basehttp 32323 124302830589632 "OPTIONS /api/attendees/1/ HTTP/1.1" 200 1046
INFO 2026-05-26 06:01:01,894 basehttp 32323 124302830589632 "OPTIONS /api/attendees/1/ HTTP/1.1" 200 1046
INFO 2026-05-26 06:01:01,924 basehttp 32323 124302822196928 "OPTIONS /api/attendees/1/ HTTP/1.1" 200 1046
INFO 2026-05-26 12:16:36,380 autoreload 36247 138873080205632 Watching for file changes with StatReloader
INFO 2026-05-26 12:17:09,465 basehttp 36247 138872306525888 "OPTIONS /api/interactions/?event_id=1 HTTP/1.1" 200 0
INFO 2026-05-26 12:17:09,466 basehttp 36247 138871920649920 "OPTIONS /api/detected-faces/ HTTP/1.1" 200 0
INFO 2026-05-26 12:17:09,467 basehttp 36247 138872289740480 "OPTIONS /api/events/ HTTP/1.1" 200 0
INFO 2026-05-26 12:17:09,467 basehttp 36247 138872281347776 "OPTIONS /api/interactions/top_combinations/?event_id=1&limit=5 HTTP/1.1" 200 0
INFO 2026-05-26 12:17:09,468 basehttp 36247 138871929042624 "OPTIONS /api/interactions/?event_id=1 HTTP/1.1" 200 0
INFO 2026-05-26 12:17:09,468 basehttp 36247 138872298133184 "OPTIONS /api/detected-faces/ HTTP/1.1" 200 0
INFO 2026-05-26 12:17:09,494 basehttp 36247 138872306525888 "OPTIONS /api/events/ HTTP/1.1" 200 0
INFO 2026-05-26 12:17:09,497 basehttp 36247 138871920649920 "OPTIONS /api/interactions/top_combinations/?event_id=1&limit=5 HTTP/1.1" 200 0
INFO 2026-05-26 12:17:09,637 basehttp 36247 138871929042624 "GET /api/interactions/top_combinations/?event_id=1&limit=5 HTTP/1.1" 200 2
INFO 2026-05-26 12:17:09,649 basehttp 36247 138872298133184 "GET /api/interactions/?event_id=1 HTTP/1.1" 200 52
INFO 2026-05-26 12:17:09,652 basehttp 36247 138872289740480 "GET /api/events/ HTTP/1.1" 200 538
INFO 2026-05-26 12:17:09,711 basehttp 36247 138872281347776 "GET /api/detected-faces/ HTTP/1.1" 200 202481
INFO 2026-05-26 12:17:09,766 basehttp 36247 138872298133184 "GET /api/interactions/?event_id=1 HTTP/1.1" 200 52
INFO 2026-05-26 12:17:09,776 basehttp 36247 138872289740480 "GET /api/events/ HTTP/1.1" 200 538
INFO 2026-05-26 12:17:09,780 basehttp 36247 138871929042624 "GET /api/interactions/top_combinations/?event_id=1&limit=5 HTTP/1.1" 200 2
INFO 2026-05-26 12:17:09,814 basehttp 36247 138871920649920 "GET /api/detected-faces/ HTTP/1.1" 200 202481
INFO 2026-05-26 12:17:12,215 basehttp 36247 138871929042624 "OPTIONS /api/attendees/1/ HTTP/1.1" 200 0
INFO 2026-05-26 12:17:12,223 basehttp 36247 138871929042624 "GET /api/attendees/1/ HTTP/1.1" 200 311
INFO 2026-05-26 12:17:12,224 basehttp 36247 138872289740480 "OPTIONS /api/attendees/1/ HTTP/1.1" 200 0
INFO 2026-05-26 12:17:12,269 basehttp 36247 138871929042624 "GET /api/attendees/1/ HTTP/1.1" 200 311
INFO 2026-05-26 12:17:17,661 basehttp 36247 138871929042624 "GET /api/interactions/?event_id=1 HTTP/1.1" 200 52
INFO 2026-05-26 12:17:17,667 basehttp 36247 138871920649920 "GET /api/events/ HTTP/1.1" 200 538
INFO 2026-05-26 12:17:17,687 basehttp 36247 138872289740480 "GET /api/detected-faces/ HTTP/1.1" 200 202481
INFO 2026-05-26 12:17:17,688 basehttp 36247 138872298133184 "GET /api/interactions/top_combinations/?event_id=1&limit=5 HTTP/1.1" 200 2
INFO 2026-05-26 12:17:17,716 basehttp 36247 138871929042624 "GET /api/events/ HTTP/1.1" 200 538
INFO 2026-05-26 12:17:17,725 basehttp 36247 138871920649920 "GET /api/interactions/?event_id=1 HTTP/1.1" 200 52
INFO 2026-05-26 12:17:17,742 basehttp 36247 138872298133184 "GET /api/detected-faces/ HTTP/1.1" 200 202481
INFO 2026-05-26 12:17:17,746 basehttp 36247 138872281347776 "GET /api/interactions/top_combinations/?event_id=1&limit=5 HTTP/1.1" 200 2
INFO 2026-05-26 12:17:22,351 basehttp 36247 138872298133184 "OPTIONS /api/detected-faces/stats/ HTTP/1.1" 200 0
INFO 2026-05-26 12:17:22,352 basehttp 36247 138871920649920 "OPTIONS /api/detected-faces/stats/ HTTP/1.1" 200 0
INFO 2026-05-26 12:17:22,400 basehttp 36247 138872281347776 "GET /api/events/ HTTP/1.1" 200 538
INFO 2026-05-26 12:17:22,450 basehttp 36247 138871929042624 "GET /api/detected-faces/ HTTP/1.1" 200 202481
INFO 2026-05-26 12:17:22,459 basehttp 36247 138872281347776 "GET /api/events/ HTTP/1.1" 200 538
INFO 2026-05-26 12:17:22,478 basehttp 36247 138871920649920 "GET /api/detected-faces/stats/ HTTP/1.1" 200 449
INFO 2026-05-26 12:17:22,506 basehttp 36247 138872298133184 "GET /api/detected-faces/ HTTP/1.1" 200 202481
INFO 2026-05-26 12:17:22,569 basehttp 36247 138871920649920 "GET /api/detected-faces/stats/ HTTP/1.1" 200 449
INFO 2026-05-26 12:17:35,667 basehttp 36247 138872298133184 "OPTIONS /api/interactions/discovery_panel/?username=john_doe&event_id=1 HTTP/1.1" 200 0
INFO 2026-05-26 12:17:35,668 basehttp 36247 138871920649920 "OPTIONS /api/interactions/my_connections/?attendee_id=5&event_id=1 HTTP/1.1" 200 0
INFO 2026-05-26 12:17:35,688 basehttp 36247 138872281347776 "OPTIONS /api/interactions/my_connections/?attendee_id=5&event_id=1 HTTP/1.1" 200 0
WARNING 2026-05-26 12:17:35,738 log 36247 138872298133184 Not Found: /api/interactions/discovery_panel/
WARNING 2026-05-26 12:17:35,739 basehttp 36247 138872298133184 "GET /api/interactions/discovery_panel/?username=john_doe&event_id=1 HTTP/1.1" 404 30
INFO 2026-05-26 12:17:35,742 basehttp 36247 138871920649920 "GET /api/interactions/my_connections/?attendee_id=5&event_id=1 HTTP/1.1" 200 123
WARNING 2026-05-26 12:17:35,835 log 36247 138871920649920 Not Found: /api/interactions/discovery_panel/
WARNING 2026-05-26 12:17:35,839 basehttp 36247 138871920649920 "GET /api/interactions/discovery_panel/?username=john_doe&event_id=1 HTTP/1.1" 404 30
INFO 2026-05-26 12:17:35,857 basehttp 36247 138872298133184 "GET /api/interactions/my_connections/?attendee_id=5&event_id=1 HTTP/1.1" 200 123
INFO 2026-05-26 12:17:47,212 basehttp 36247 138872298133184 "GET /api/events/ HTTP/1.1" 200 538
INFO 2026-05-26 12:17:47,215 basehttp 36247 138872281347776 "GET /api/detected-faces/ HTTP/1.1" 200 202481
INFO 2026-05-26 12:17:47,252 basehttp 36247 138872298133184 "GET /api/events/ HTTP/1.1" 200 538
INFO 2026-05-26 12:17:47,252 basehttp 36247 138871920649920 "GET /api/detected-faces/stats/ HTTP/1.1" 200 449
INFO 2026-05-26 12:17:47,282 basehttp 36247 138871929042624 "GET /api/detected-faces/ HTTP/1.1" 200 202481
INFO 2026-05-26 12:17:47,336 basehttp 36247 138871920649920 "GET /api/detected-faces/stats/ HTTP/1.1" 200 449
